,Unnamed: 0,planet_name,star_name,simbad_id,parallax (mas),d_star(pc),Karm ID,mass_star(m_sun),radius_star(r_sun),p_rot(days),SP_TYPE,RA (h:m:s),DEC (d:m:s),μ_ra(mas/yr),μ_dec(mas/yr),radial_velocity(km/s),Pref,log(Lbol/LSun),log(LX/Lbol),log(LHa/Lbol),log(LCa/Lbol),bfield_star(gauss),dB,vsini,dvsini,p_orb(days),a(au),mass_planet(m_earth),radius_planet(r_earth),ra(deg),dec(deg),Teff
0,0,,             Ross 364 ,Ross  364,49.2824,20.29121958346184,          J02565+554W ,0.61,0.61,  51.2 ,M1.0Ve,02 56 34.4247,+55 26 14.099,727.627,-455.066,76.2,     SM18 ,-1.13,      NaN ,      NaN ,      NaN ,380.0,82.0,   0.3 ,   0.4,,,,,44.1434363146255,55.437249775012,3832.0
3,3,,            HD 275122 ,HD 275122,62.5647,15.983453928493224,           J03181+382 ,0.6,0.6,  77.2 ,M1.5Ve,03 18 07.4803,+38 15 07.436,444.95,-570.94,-4.21,     DA19 ,-1.19,      NaN ,      NaN ,    -4.93 ,181.0,181.0,   1.4 ,   0.0,,,,,49.531168323771,38.2520656983588,3826.0
4,4,,               GJ 133 ,G 245-71,71.7575,13.935825523464448,           J03213+799 ,0.44,0.43,  32.4 ,M2.0Ve,03 21 21.7794,+79 58 02.154,410.315,287.78,-13.237,     DA19 ,-1.61,      NaN ,      NaN ,      NaN ,320.0,108.0,   0.0 ,   0.0,,,,,50.340747522134,79.9672652323826,3599.0
5,5,,             G 77-046 ,G  77-46,58.04,17.22949689869056,           J03217-066 ,0.49,0.48,  21.1 ,M2V,03 21 46.9231,-06 40 24.217,323.562,-47.46,26.47,     DA19 ,-1.48,    -4.65 ,      NaN ,    -4.52 ,925.0,107.0,   1.4 ,   0.2,,,,,50.445513049911,-6.6733937093117,3661.0
6,6,,             HD 23453 ,HD  23453,69.4494,14.398972489323162,           J03463+262 ,0.6,0.6,   NaN ,M1V,03 46 20.1399,+26 12 55.821,386.933,-196.426,35.7,          ,-1.14,    -4.80 ,      NaN ,    -4.40 ,470.0,62.0,   1.7 ,   0.1,,,,,56.5839163110976,26.2155060816761,3949.0
7,7,,             G 80-021 ,G  80-21,59.5161,16.80217621786374,           J03473-019 ,0.5,0.5,   3.9 ,M3.0V,03 47 23.3412,-01 58 19.945,180.673,-274.184,18.07,    Rev20 ,-1.5,    -3.05 ,    -3.67 ,    -3.97 ,3491.0,204.0,   6.0 ,   0.1,,,,,56.8472550044897,-1.9722070395246,3473.0
8,8,,             Ross 567 ,Ross  567,81.1474,12.323253733329718,           J03531+625 ,0.39,0.38,   NaN ,M3.0Ve,03 53 10.4353,+62 34 08.067,31.774,-269.183,-120.01,          ,-1.77,      NaN ,      NaN ,      NaN ,261.0,71.0,   0.0 ,   0.0,,,,,58.2934806937475,62.5689077099453,3501.0
9,9,,          omi02 Eri C ,* omi02 Eri C,199.4552,5.013657202218845,           J04153-076 ,0.27,0.28,   NaN ,M4.5V,04 15 21.5389,-07 39 20.718,-2250.118,-3408.28,-45.0,          ,-2.19,    -3.18 ,    -3.94 ,      NaN ,3018.0,140.0,   2.2 ,   0.0,,,,,63.8397456626267,-7.6557550379372,3179.0
14,14,,      LSPM J0422+1031 ,LSPM J0422+1031,48.0279,20.821230992818755,           J04225+105 ,0.48,0.47,   NaN ,M3.5Ve,04 22 31.9877,+10 31 18.797,245.259,32.58,36.224,   (DA19) ,-1.6,      NaN ,      NaN ,    -5.14 ,194.0,71.0,   0.0 ,   0.1,,,,,65.6332823904612,10.5218881956273,3546.0
15,15,,            BD+21 652 ,HD  28343,88.9622,11.24072920858522,           J04290+219 ,0.62,0.85,  25.4 ,M0.5V,04 29 00.1237,+21 55 21.719,-67.096,174.577,-35.44,     DA19 ,-0.93,    -4.55 ,      NaN ,    -4.44 ,380.0,57.0,   1.3 ,   0.0,,,,,67.2505155736253,21.9226997264551,4123.0
17,17,,            BD+52 857 ,HD 232979,100.7797,9.922633228715704,           J04376+528 ,0.58,0.58,   NaN ,M0.5V,04 37 40.9307,+52 53 37.011,303.96,-475.032,34.24,          ,-1.11,    -4.81 ,      NaN ,    -4.44 ,428.0,46.0,   0.7 ,   0.1,,,,,69.4205447608177,52.8936141785169,4039.0
18,18,,            BD-11 916 ,BD-11   916,89.1708,11.214433424394532,           J04376-110 ,0.49,0.48,   NaN ,M1V,04 37 41.8658,-11 02 19.970,-226.991,-196.108,-6.763,          ,-1.49,      NaN ,      NaN ,    -5.04 ,214.0,214.0,   0.0 ,   0.0,,,,,69.4244410575939,-11.0388806444863,3666.0
21,21,,      RX J0447.2+2038 ,PM J04472+2038,42.9941,23.25900530537911,           J04472+206 ,0.38,0.39,   0.3 ,M5.0V,04 47 12.2486,+20 38 10.799,88.68,-98.344,14.603,     CC21 ,-1.9,    -3.12 ,    -3.53 ,      NaN ,6231.0,1535.0,  45.4 ,   0.9,,,,,71.8010358531555,20.6363331619168,3096.0
27,27,,           BD+49 1280 ,BD+49  1280,60.168,16.62013030182157,           J04588+498 ,0.62,0.62,   NaN ,M0.0Ve,04 58 50.5747,+49 50 57.433,112.221,-113.151,-33.79,          ,-1.09,    -5.02 ,      NaN ,    -4.43 ,459.0,41.0,   1.9 ,   0.0,,,,,74.7107282981073,49.8492870661492,3983.0
30,30,,           LP 776-046 ,LP  776-46,108.3263,9.231368559620332,           J05033-173 ,0.29,0.3,   NaN ,M3V,05 03 20.0842,-17 22 24.722,-228.056,-444.616,15.57,          ,-2.02,      NaN ,      NaN ,    -5.26 ,266.0,69.0,   0.0 ,   0.1,,,,,75.8336842590587,-17.3735340672206,3464.0
31,31,,      RX J0506.2+0439 ,RX J0506.2+0439,35.9666,27.803573315242478,           J05062+046 ,0.35,0.58,   0.9 ,M4.5V,05 06 12.9262,+04 39 27.187,30.144,-90.076,18.8,    Rev20 ,-1.55,    -3.12 ,    -3.52 ,    -4.53 ,3065.0,486.0,  29.0 ,   0.0,,,,,76.5538595824475,4.657552012364,3134.0
32,32,,               GJ 192 ,G  85-52,82.2587,12.156768828099642,           J05127+196 ,0.46,0.45,   NaN ,M0V,05 12 42.2265,+19 39 56.356,279.334,240.924,-25.05,          ,-1.56,      NaN ,      NaN ,    -5.17 ,190.0,190.0,   0.0 ,   0.1,,,,,78.1759441510615,19.6656545396597,3599.0
33,33,,              Ross 41 ,Ross   41,97.979,10.20626869022954,           J05280+096 ,0.26,0.27,   NaN ,M3.5Ve,05 28 00.1514,+09 38 38.154,-191.297,-756.774,60.611,   (DA19) ,-2.18,      NaN ,      NaN ,      NaN ,206.0,206.0,   1.1 ,   0.3,,,,,82.0006308344628,9.643931848719,3440.0
34,34,,             HD 36395 ,HD  36395,175.4287,5.700321555138926,           J05314-036 ,0.54,0.54,  33.8 ,M1.5Ve,05 31 27.3958,-03 40 38.021,761.561,-2092.422,8.56,     DA19 ,-1.18,    -4.81 ,      NaN ,    -4.53 ,211.0,53.0,   2.1 ,   0.0,,,,,82.8641493647043,-3.6772282088376,3850.0
35,35,,             V371 Ori ,V* V371 Ori,63.599,15.723517665372098,           J05337+019 ,0.48,0.48,   0.6 ,M3.0V,05 33 44.7997,+01 56 43.457,-231.222,-154.302,64.5,    Rev20 ,-1.54,    -3.00 ,    -3.55 ,      NaN ,4033.0,218.0,   9.2 ,   0.1,,,,,83.4366654228349,1.9454048703037,3428.0
36,36,,              Ross 46 ,Ross   46,83.8543,11.925446876308072,           J05348+138 ,0.39,0.39,   NaN ,M3V,05 34 52.1154,+13 52 46.712,-118.691,-396.695,37.89,          ,-1.8,    -4.29 ,      NaN ,    -5.19 ,344.0,58.0,   0.0 ,   0.0,,,,,83.7171476779194,13.8796422806113,3464.0
37,37,,            Wolf 1457 ,Wolf 1457,66.3041,15.082023585268482,           J05360-076 ,0.37,0.37,   NaN ,dM4.0,05 36 00.0783,-07 38 58.431,110.189,466.607,29.237,          ,-1.89,      NaN ,      NaN ,      NaN ,102.0,102.0,   0.0 ,   0.1,,,,,84.0003266418994,-7.6495644285871,3422.0
38,38,,            V2689 Ori ,V* V2689 Ori,87.4367,11.436845169133784,           J05365+113 ,0.63,0.63,  11.5 ,K6V,05 36 30.9904,+11 19 40.331,-2.752,-56.648,21.96,     CC21 ,-1.09,    -4.09 ,    -4.53 ,    -4.14 ,1111.0,61.0,   2.0 ,   0.0,,,,,84.129126793325,11.3278699997849,4067.0
39,39,,       LSR J0539+4038 ,LSR J0539+4038,87.5414,11.423166638870295,           J05394+406 ,0.1,0.12,   NaN ,M8.0Ve,05 39 24.8055,+40 38 42.838,645.456,-834.665,10.0,          ,-3.23,      NaN ,    -4.52 ,      NaN ,1828.0,384.0,   5.3 ,   0.3,,,,,84.8533562569083,40.6452328249331,2600.0
40,40,,            HD 233153 ,HD 233153,81.4467,12.277968290919093,           J05415+534 ,0.58,0.58,   NaN ,M1.0V,05 41 30.7305,+53 29 23.290,3.915,-515.938,2.13,          ,-1.26,    -3.77 ,      NaN ,    -4.44 ,418.0,56.0,   1.9 ,   0.0,,,,,85.3780441540032,53.4898028013944,3825.0
41,41,,            V1352 Ori ,Ross   47,172.7068,5.7901599705396665,           J05421+124 ,0.26,0.27,   NaN ,M4V,05 42 09.2672,+12 29 21.611,1997.706,-1569.794,106.24,          ,-2.2,    -4.87 ,      NaN ,    -5.51 ,140.0,140.0,   0.0 ,   0.0,,,,,85.5386137355783,12.4893365933883,3324.0
42,42,,             G 99-049 ,G  99-49,192.0675,5.206502922149765,           J06000+027 ,0.26,0.27,   1.8 ,M3.5Ve,06 00 03.5038,+02 42 23.596,309.487,-40.64,30.228,    Rev20 ,-2.2,    -3.41 ,    -3.95 ,    -4.16 ,2492.0,221.0,   6.2 ,   0.1,,,,,90.0145994200541,2.7065546607807,3296.0
43,43,,            G 192-013 ,G 192-13,129.4589,7.724459268540054,           J06011+595 ,0.3,0.3,   NaN ,M4.0Ve,06 01 11.0454,+59 35 49.885,-104.924,-928.756,2.2,          ,-2.09,      NaN ,      NaN ,    -5.16 ,208.0,64.0,   0.0 ,   0.0,,,,,90.2960228415567,59.5971905180221,3431.0
44,44,,            G 192-015 ,G 192-15,104.8903,9.533770043559796,           J06024+498 ,0.15,0.18, 105.0 ,M5.0V,06 02 29.1945,+49 51 56.156,67.218,-850.066,20.69,     DA19 ,-2.68,      NaN ,      NaN ,      NaN ,368.0,121.0,   0.0 ,   0.0,,,,,90.6216441199907,49.8655990062526,3213.0
45,45,,               GJ 226 ,G 222-11,105.6941,9.461266049855194,           J06103+821 ,0.44,0.44,  44.6 ,M2.5V,06 10 19.8463,+82 06 24.324,50.249,-1336.283,-1.5,     DA19 ,-1.62,    -5.04 ,      NaN ,    -5.09 ,100.0,100.0,   0.0 ,   0.0,,,,,92.5826931548989,82.1067568489994,3554.0
46,46,,              Ross 64 ,Ross   64,117.741,8.493218165295012,           J06246+234 ,0.18,0.2,   NaN ,M4V,06 24 41.2848,+23 25 58.937,550.901,-508.424,-11.44,          ,-2.49,      NaN ,      NaN ,      NaN ,615.0,135.0,   0.0 ,   0.3,,,,,96.1720203706181,23.4330381489175,3249.0
47,47,,           LP 205-044 ,LP  205-44,35.8977,27.856937909671093,           J06318+414 ,0.42,0.42,   0.3 ,M5.84,06 31 50.7385,+41 29 45.482,-6.247,-208.228,28.938,    Rev20 ,-1.89,    -2.95 ,    -3.52 ,      NaN ,2197.0,1151.0,  54.0 ,   0.1,,,,,97.9614107484139,41.495967351028,3084.0
50,50,,           LP 780-032 ,LP  780-32,--,,           J06396-210 ,0.26,0.27,   NaN ,dM4.0,06 39 37.4129,-21 01 33.221,-161.4,112.0,-28.122,          ,-2.12,    -3.95 ,      NaN ,      NaN ,620.0,105.0,   1.6 ,   0.1,,,,,99.9058874,-21.0258948,3428.0
51,51,,            G 108-021 ,G 108-21,66.3502,15.071544622322165,           J06421+035 ,0.41,0.4,  83.4 ,M3V,06 42 11.1938,+03 34 52.626,42.036,-258.753,82.516,     DA19 ,-1.74,      NaN ,      NaN ,    -5.08 ,182.0,63.0,   0.0 ,   0.0,,,,,100.5466410109596,3.5812850821402,3475.0
53,53,,              GJ 1093 ,G 109-35,129.0023,7.7517997741125555,           J06594+193 ,0.14,0.17,   NaN ,M5.0Ve,06 59 28.8165,+19 20 55.857,909.014,-894.576,-29.475,          ,-2.8,      NaN ,      NaN ,    -5.91 ,392.0,123.0,   0.0 ,   0.0,,,,,104.8700691624025,19.3488494389542,3146.0
54,54,,           LP 255-011 ,LP  255-11,75.398,13.262951271917029,           J07033+346 ,0.28,0.29,   8.0 ,M4.0V,07 03 23.1688,+34 41 51.392,-57.251,140.451,2.7,     DA19 ,-2.14,      NaN ,    -3.90 ,      NaN ,2429.0,158.0,   2.4 ,   0.1,,,,,105.8465369306274,34.6976089937514,3310.0
55,55,,               GJ 258 ,G 250-33,61.1128,16.36318414472909,           J07044+682 ,0.43,0.42,   NaN ,M3.0Ve,07 04 25.9411,+68 17 19.657,346.285,50.09,-50.513,          ,-1.67,      NaN ,      NaN ,      NaN ,132.0,132.0,   0.0 ,   0.1,,,,,106.1080879204844,68.2887936395344,3527.0
60,60,,              GJ 1097 ,G 112-21,85.3378,11.718136628785835,           J07287-032 ,0.4,0.4,   NaN ,M3V,07 28 45.4390,-03 17 53.305,439.654,-788.976,1.452,          ,-1.71,      NaN ,      NaN ,    -5.31 ,155.0,155.0,   0.0 ,   0.1,,,,,112.1893292913013,-3.2981405314723,3511.0
61,61,,               BL Lyn ,Ross  989,83.3267,12.000955276039972,          J07319+362N ,0.43,0.43,  16.4 ,M4.0V,07 31 57.3231,+36 13 47.358,-264.328,-260.305,-1.34,     DA19 ,-1.72,    -2.76 ,    -3.93 ,    -4.27 ,2529.0,140.0,   1.7 ,   0.0,,,,,112.9888466171357,36.2298217056644,3289.0
62,62,,              GJ 3452 ,MCC 499,78.1854,12.790111708835664,           J07353+548 ,0.4,0.39,   NaN ,M2.5Ve,07 35 21.8791,+54 50 58.972,-113.545,13.17,-15.2,   (DA19) ,-1.72,      NaN ,      NaN ,      NaN ,126.0,126.0,   0.0 ,   0.1,,,,,113.8411632687948,54.8497144940804,3564.0
64,64,,           LP 763-001 ,LP  763-1,15.4349,64.78823963874078,           J07386-212 ,0.3,0.31,   NaN ,,23 33 27.1553,-08 55 46.386,327.458,125.552,-29.069,          ,-1.94,      NaN ,      NaN ,    -5.29 ,144.0,144.0,   0.0 ,   0.2,,,,,353.3631473177563,-8.9295516881912,3488.0
65,65,,           BD+02 1729 ,BD+02  1729,66.4106,15.057837152502763,           J07393+021 ,0.62,0.62,   NaN ,M0.0Ve,07 39 23.0387,+02 11 01.197,-147.077,-245.929,20.23,          ,-1.11,      NaN ,      NaN ,    -4.53 ,277.0,45.0,   1.7 ,   0.1,,,,,114.8459946360458,2.183665964552,3980.0
66,66,,           LP 783-002 ,LP  783-2,109.0542,9.169752288311685,           J07403-174 ,0.11,0.14,   NaN ,M6.5Ve,07 40 19.3716,-17 24 45.910,1152.386,-536.548,-34.329,          ,-3.1,    -4.11 ,      NaN ,      NaN ,276.0,169.0,   0.0 ,   0.0,,,,,115.0807152958609,-17.41275299535,3031.0
67,67,,               YZ CMi ,V* YZ CMi,167.0186,5.987357096754494,           J07446+035 ,0.36,0.37,   2.8 ,M4.0Ve,07 44 40.1726,+03 33 08.877,-348.103,-445.878,26.66,    Rev20 ,-1.95,    -2.98 ,    -3.61 ,      NaN ,4539.0,153.0,   4.6 ,   0.0,,,,,116.1673859524798,3.5524660639781,3251.0
68,68,,              GJ 1101 ,G 253-6,76.3524,13.097165249553386,           J07558+833 ,0.28,0.29,   1.1 ,M5.0V,07 55 53.9287,+83 23 04.946,-291.565,-599.348,19.6,    Rev20 ,-2.13,    -3.02 ,    -3.75 ,      NaN ,3610.0,484.0,  11.8 ,   0.2,,,,,118.9747032817914,83.3847072447001,3252.0
69,69,,              GJ 1105 ,G 111-47,113.0897,8.842538268294991,           J07582+413 ,0.3,0.31,   NaN ,M3.5Ve,07 58 12.7018,+41 18 13.316,217.004,-687.761,-20.94,          ,-2.06,      NaN ,      NaN ,    -5.33 ,119.0,119.0,   0.0 ,   0.0,,,,,119.5529244480518,41.3036991255043,3431.0
70,70,,             Ross 619 ,Ross  619,145.4757,6.874000262586811,           J08119+087 ,0.16,0.18,   NaN ,M4.5Ve,08 11 57.5595,+08 46 22.983,1078.931,-5096.181,14.597,   (DA19) ,-2.56,      NaN ,      NaN ,      NaN ,918.0,93.0,   0.4 ,   0.3,,,,,122.9898315622326,8.7730508763685,3245.0
71,71,,               GJ 300 ,L  674-15,123.2204,8.11553931004931,           J08126-215 ,0.3,0.31,   NaN ,M3.5V,08 12 40.8887,-21 33 06.982,13.695,-694.016,6.3,          ,-2.08,    -4.95 ,      NaN ,    -5.05 ,199.0,199.0,   0.0 ,   0.0,,,,,123.1703695860167,-21.551939548925,3356.0
72,72,,              GJ 2066 ,G 113-20,111.8419,8.941192880306934,           J08161+013 ,0.44,0.44,  40.7 ,M2.0V,08 16 07.9814,+01 18 09.267,-376.316,60.397,62.18,     DA19 ,-1.56,      NaN ,      NaN ,    -5.00 ,251.0,43.0,   0.0 ,   0.0,,,,,124.0332559923299,1.3025742335032,3570.0
73,73,,               DX Cnc ,G  51-15,279.2901,3.5805064339910366,           J08298+267 ,0.12,0.13,   0.5 ,M6.5Ve,08 29 49.3528,+26 46 33.626,-1113.745,-612.371,10.62,     DA19 ,-3.14,      NaN ,    -4.31 ,      NaN ,2679.0,443.0,  11.5 ,   0.3,,,,,127.4556367656564,26.7760074370336,2997.0
74,74,,           LP 035-219 ,G 252-13,68.2218,14.658071173730391,           J08315+730 ,0.31,0.31, 105.0 ,M4.0Ve,08 31 30.1191,+73 03 45.778,611.243,273.014,-82.069,     DA19 ,-2.04,      NaN ,      NaN ,      NaN ,224.0,224.0,   0.0 ,   0.0,,,,,127.8754964519539,73.0627162508144,3364.0
75,75,,            G 234-037 ,G 234-37,76.8538,13.011718353549206,           J08358+680 ,0.4,0.39,   NaN ,M3.0Ve,08 35 49.0405,+68 04 09.127,-837.333,-562.427,19.6,          ,-1.74,    -4.49 ,      NaN ,      NaN ,578.0,79.0,   1.1 ,   0.2,,,,,128.9543356787876,68.0692019704612,3496.0
76,76,,      LSPM J0840+3127 ,LSPM J0840+3127,89.2077,11.209794670191023,           J08402+314 ,0.32,0.32, 118.0 ,M3.5Ve,08 40 15.9834,+31 27 06.814,205.535,120.003,115.858,     DA19 ,-2.0,      NaN ,      NaN ,      NaN ,309.0,91.0,   0.0 ,   0.2,,,,,130.066597551916,31.4518928938763,3426.0
81,81,,            rho Cnc B ,* rho01 Cnc B,80.1166,12.481807765182246,           J08526+283 ,0.3,0.31,   NaN ,M4.5V,08 52 40.8627,+28 18 58.824,-481.204,-244.779,27.8,          ,-2.1,      NaN ,      NaN ,    -5.08 ,294.0,294.0,   0.0 ,   0.0,,,,,133.1702614512311,28.3163402341315,3321.0
82,82,,           LP 666-009 ,LP  666-9,115.3036,8.672756097814812,           J08536-034 ,0.07,0.09,   0.5 ,M9Ve,08 53 36.1607,-03 29 32.201,-516.877,-199.414,7.0,    Rev20 ,-3.54,    -3.38 ,    -3.93 ,      NaN ,4786.0,469.0,   8.4 ,   0.6,,,,,133.400669837168,-3.4922781497408,2500.0
83,83,,           LP 368-128 ,LP  368-128,156.7584,6.379243472758079,           J09003+218 ,0.12,0.13,   0.4 ,M6.5Ve,09 00 23.5469,+21 50 04.898,-515.662,-592.061,9.26,   New16a ,-3.13,    -3.39 ,    -4.15 ,      NaN ,4265.0,368.0,  13.0 ,   0.2,,,,,135.0981122179871,21.8346939456146,3061.0
84,84,,           LP 060-179 ,G 234-53,81.3962,12.28558581358835,           J09028+680 ,0.3,0.3,   NaN ,M4.0Ve,09 02 52.8712,+68 03 46.573,189.039,342.742,-24.776,          ,-2.07,      NaN ,      NaN ,      NaN ,224.0,224.0,   0.0 ,   0.1,,,,,135.7202970040849,68.0629369974993,3328.0
85,85,,           NLTT 20861 ,LP  546-37,--,,           J09033+056 ,0.17,0.18,   NaN ,M7V,09 03 20.9815,+05 40 14.782,-38.0,-376.0,-26.0,          ,-2.74,      NaN ,    -4.46 ,      NaN ,3224.0,476.0,   7.1 ,   0.2,,,,,135.837423,5.670773,3027.0
86,86,,            G 234-057 ,G 234-57,47.5,21.05263157894737,           J09133+688 ,0.64,0.63,  10.4 ,M2.5V,09 13 23.8494,+68 52 30.704,-154.9,-233.2,8.9,     SM18 ,-1.27,    -3.76 ,    -4.53 ,      NaN ,1310.0,94.0,   2.1 ,   0.1,,,,,138.3493727,68.8751956,3662.0
87,87,,           LP 427-016 ,LP  427-16,43.6573,22.90567671386,           J09140+196 ,0.51,0.51,  89.9 ,M3.0Ve,09 14 03.1837,+19 40 05.772,-147.03,-159.835,26.209,     DA19 ,-1.48,      NaN ,      NaN ,    -4.65 ,464.0,68.0,   1.4 ,   0.1,,,,,138.5132656489885,19.6682701441603,3561.0
88,88,,             HD 79210 ,HD  79210,157.8796,6.333940547100449,           J09143+526 ,0.6,0.59,   NaN ,K7V,09 14 22.7754,+52 41 11.792,-1546.096,-569.127,11.5,          ,-1.09,    -4.25 ,      NaN ,    -4.46 ,404.0,45.0,   1.0 ,   0.2,,,,,138.5948977165475,52.6866091224324,4015.0
90,90,,      RX J0916.1+0153 ,PM J09161+0153,63.9053,15.648154378431837,           J09161+018 ,0.33,0.33,   1.4 ,M4.0V,09 16 10.1814,+01 53 08.834,54.636,-101.538,22.228,    Rev20 ,-1.98,    -3.29 ,    -3.68 ,    -3.77 ,3899.0,356.0,  10.0 ,   0.1,,,,,139.042422792365,1.8857873219012,3237.0
91,91,,           LP 787-052 ,L  749-34,74.3573,13.448578686961469,           J09163-186 ,0.48,0.48,   NaN ,M2V,09 16 20.6445,-18 37 32.901,-314.796,146.235,14.914,          ,-1.49,    -4.30 ,    -4.65 ,    -4.53 ,740.0,147.0,   1.0 ,   0.5,,,,,139.0860190159372,-18.625805991747,3697.0
92,92,,              GJ 1125 ,G  48-20,100.9992,9.901068523315036,           J09307+003 ,0.34,0.34,   NaN ,M3.5Ve,09 30 44.5850,+00 19 21.600,-568.699,-549.788,46.29,          ,-1.94,      NaN ,      NaN ,    -5.36 ,176.0,54.0,   0.0 ,   0.1,,,,,142.6857710445162,0.3226666886004,3460.0
96,96,,              Ross 85 ,Ross   85,86.5522,11.55372133810579,           J09411+132 ,0.49,0.49,   NaN ,M2.5V,09 41 10.3603,+13 12 34.424,-660.146,-143.109,11.501,          ,-1.48,    -4.54 ,      NaN ,    -4.76 ,390.0,72.0,   0.0 ,   0.1,,,,,145.2931682108126,13.2095624603127,3699.0
97,97,,               GJ 363 ,G 195-36,60.4389,16.5456353441244,           J09423+559 ,0.41,0.41,  74.3 ,M3V,09 42 23.1917,+55 59 01.267,-710.238,-508.335,11.0,     DA19 ,-1.77,      NaN ,      NaN ,      NaN ,317.0,80.0,   0.0 ,   0.2,,,,,145.5966324330199,55.9836854779841,3439.0
98,98,,               GJ 360 ,G 236-1,84.3568,11.85440889175502,           J09425+700 ,0.52,0.52,  21.0 ,M2.5V,09 42 34.8412,+70 02 01.965,-671.954,-271.231,7.07,     DA19 ,-1.45,    -4.19 ,    -4.47 ,      NaN ,1027.0,112.0,   2.1 ,   0.0,,,,,145.6451719822385,70.0338793018727,3547.0
99,99,,               GJ 362 ,G 236-2,84.1959,11.877062897361986,           J09428+700 ,0.46,0.46,  23.9 ,M3.5V,09 42 51.7280,+70 02 21.879,-671.125,-265.525,6.604,     DA19 ,-1.63,    -3.69 ,    -4.40 ,    -4.49 ,1392.0,135.0,   1.1 ,   0.1,,,,,145.7155334694653,70.0394108735893,3504.0
100,100,,              Ross 93 ,Ross   93,69.4962,14.389275960412224,           J09439+269 ,0.42,0.41,   NaN ,M3.5Ve,09 43 55.6135,+26 58 08.408,-578.05,-101.233,34.3,   (DA19) ,-1.74,      NaN ,      NaN ,    -5.27 ,247.0,247.0,   0.5 ,   0.5,,,,,145.9817229257353,26.9690024622545,3492.0
101,101,,              GJ 1129 ,L  750-52,90.8249,11.01019654301849,           J09447-182 ,0.32,0.32,   NaN ,M3.5Ve,09 44 47.3475,-18 12 48.962,-1599.951,-171.719,9.0,          ,-2.02,      NaN ,      NaN ,    -5.28 ,156.0,156.0,   0.0 ,   0.1,,,,,146.1972816218691,-18.2136005916802,3417.0
102,102,,            G 161-071 ,G 161-71,76.1746,13.127735491883122,           J09449-123 ,0.35,0.35,   0.4 ,M5.0V,09 44 54.1925,-12 20 54.374,-331.336,40.034,14.92,    Rev20 ,-2.05,    -2.90 ,    -3.38 ,      NaN ,4857.0,991.0,  35.3 ,   0.4,,,,,146.2258021382188,-12.3484372715743,3068.0
103,103,,           BD+76 3952 ,BD+76  3952,63.3142,15.794245208815717,           J09468+760 ,0.52,0.51,   NaN ,M1.5Ve,09 46 48.4862,+76 02 38.102,87.333,-1000.59,-28.46,          ,-1.38,      NaN ,      NaN ,      NaN ,203.0,203.0,   0.0 ,   0.0,,,,,146.7020258344277,76.0439173253895,3616.0
104,104,,           BD-11 2741 ,BD-11  2741,76.2323,13.117799148130125,           J09511-123 ,0.53,0.53,   NaN ,dM0.5,09 51 09.6400,-12 19 47.476,1137.625,-1455.584,61.6,          ,-1.34,      NaN ,      NaN ,    -4.93 ,153.0,50.0,   0.0 ,   0.0,,,,,147.7901670392818,-12.3298545001099,3769.0
108,108,,               AN Sex ,V* AN Sex,129.7887,7.704831006089128,           J10122-037 ,0.52,0.52,  21.6 ,M2V,10 12 17.6684,-03 44 44.393,-152.931,-243.598,7.87,     DA19 ,-1.38,    -4.86 ,      NaN ,    -4.56 ,449.0,77.0,   1.5 ,   0.0,,,,,153.0736184829422,-3.7456649564991,3720.0
109,109,,           LP 092-048 ,G 195-59,99.4076,10.059593029104414,           J10125+570 ,0.33,0.33,   NaN ,M3.5Ve,10 12 34.7788,+57 03 48.987,-344.391,-533.282,-3.26,          ,-1.92,      NaN ,      NaN ,    -5.26 ,241.0,84.0,   0.0 ,   0.1,,,,,153.1449117879929,57.0636076436488,3474.0
110,110,,               GJ 386 ,MCC 573,74.2338,13.470952584941092,           J10167-119 ,0.5,0.5,   NaN ,dM3.0,10 16 45.9486,-11 57 42.403,-417.591,-604.372,-10.535,          ,-1.5,      NaN ,      NaN ,    -5.06 ,100.0,100.0,   0.1 ,   0.3,,,,,154.191452548156,-11.9617786147842,3552.0
113,113,,               AD Leo ,BD+20  2465,201.3683,4.966024940370455,           J10196+198 ,0.47,0.47,   2.2 ,dM3,10 19 36.2808,+19 52 12.014,-498.605,-43.683,12.43,   Mori08 ,-1.63,    -3.08 ,    -3.64 ,      NaN ,3568.0,87.0,   3.3 ,   0.0,,,,,154.9011700102722,19.8700038993739,3477.0
114,114,,           BD-09 3070 ,BD-09  3070,78.0003,12.82046351103778,           J10251-102 ,0.5,0.5,   NaN ,M1V,10 25 10.8370,-10 13 43.289,-693.137,121.37,21.605,          ,-1.34,    -5.08 ,      NaN ,    -4.60 ,377.0,49.0,   1.1 ,   0.1,,,,,156.295154556657,-10.2286915440851,3759.0
116,116,,           LP 670-017 ,G 162-70,61.3834,16.291049371654225,           J10350-094 ,0.42,0.41,   NaN ,dM3.0,10 35 01.1173,-09 24 38.577,228.328,-185.269,31.304,          ,-1.71,      NaN ,      NaN ,    -5.15 ,262.0,262.0,   0.0 ,   0.1,,,,,158.754655511923,-9.4107161049707,3512.0
117,117,,               RY Sex ,V* RY Sex,65.3811,15.294939975008068,           J10360+051 ,0.35,0.36,   NaN ,M4V,10 36 01.2168,+05 07 12.797,-654.065,127.13,63.538,          ,-1.87,    -3.12 ,    -3.64 ,      NaN ,4824.0,140.0,   2.1 ,   0.1,,,,,159.0050700501769,5.120221485214,3268.0
118,118,,               GJ 399 ,G  55-35,64.1884,15.579138909834176,           J10396-069 ,0.49,0.49,   NaN ,dM2.5,10 39 40.5642,-06 55 25.501,-718.366,-105.176,3.25,          ,-1.5,      NaN ,      NaN ,    -5.02 ,281.0,281.0,   0.0 ,   0.2,,,,,159.9190179085861,-6.9237504634635,3592.0
119,119,,              GJ 1134 ,G 146-58,99.4498,10.0553243948203,           J10416+376 ,0.24,0.26,  54.3 ,M4.0Ve,10 41 37.8758,+37 36 39.159,-1457.058,-358.558,-1.634,     DA19 ,-2.29,      NaN ,      NaN ,      NaN ,411.0,411.0,   0.0 ,   0.1,,,,,160.4078160791434,37.61087765385,3298.0
120,120,,            G 119-037 ,G 119-37,44.2329,22.6076065553016,           J10504+331 ,0.44,0.44,   NaN ,M3.5Ve,10 50 26.0126,+33 06 04.069,49.954,-630.923,-25.326,          ,-1.7,    -4.92 ,      NaN ,      NaN ,187.0,67.0,   0.0 ,   0.0,,,,,162.6083859566438,33.1011304005092,3441.0
121,121,,               EE Leo ,Wolf  358,143.4971,6.968781947509741,           J10508+068 ,0.29,0.3,  64.0 ,M4V,10 50 52.0312,+06 48 29.263,-856.291,-818.845,-0.85,     DA19 ,-2.09,      NaN ,      NaN ,    -5.10 ,201.0,201.0,   0.0 ,   0.0,,,,,162.7167968336343,6.8081287728825,3410.0
124,124,,           LP 731-076 ,LP  731-76,69.1542,14.460437688527955,           J10584-107 ,0.21,0.22,   NaN ,M5.0V,10 58 27.9884,-10 46 30.499,-192.765,-83.856,11.0,          ,-2.4,    -3.29 ,    -3.85 ,      NaN ,4098.0,172.0,   2.8 ,   0.1,,,,,164.6166185575893,-10.7751388043262,3218.0
125,125,,             Ross 104 ,Ross  104,148.1283,6.750904452424014,           J11000+228 ,0.42,0.42,   NaN ,M4V,11 00 04.2569,+22 49 58.646,-426.924,-282.411,3.29,          ,-1.71,    -4.93 ,      NaN ,    -5.10 ,361.0,57.0,   0.0 ,   0.0,,,,,165.0177373749286,22.8329574036433,3532.0
126,126,,               DS Leo ,V* DS Leo,83.7765,11.936521578246884,           J11026+219 ,0.57,0.57,  13.5 ,M1.0V,11 02 38.3419,+21 58 01.704,142.849,-51.955,-14.04,     CC21 ,-1.24,    -3.95 ,    -4.53 ,    -4.12 ,1041.0,64.0,   2.3 ,   0.0,,,,,165.6597580263712,21.9671401332591,3846.0
129,129,,          BD+44 2051A ,BD+44  2051,203.8876,4.904663157543666,           J11054+435 ,0.35,0.35, 100.9 ,M1.0Ve,11 05 28.5769,+43 31 36.386,-4406.469,938.527,68.84,     SM18 ,-1.71,    -5.25 ,      NaN ,    -5.46 ,100.0,100.0,   0.0 ,   0.0,,,,,166.3690706208596,43.5267741524225,3628.0
130,130,,               WX UMa ,BD+44  2051B,204.0592,4.9005386672103,           J11055+435 ,0.11,0.13,   0.8 ,M6.0V,11 05 30.8856,+43 31 17.884,-4339.891,960.78,70.02,   Mori10 ,-3.03,    -3.14 ,    -3.56 ,      NaN ,6878.0,137.0,   3.5 ,   0.1,,,,,166.3786901847633,43.5216345327811,3278.0
133,133,,           HD 97101 B ,HD  97101B,84.1971,11.876893622226891,          J11110+304W ,0.54,0.53,   NaN ,M2V,11 11 02.5375,+30 26 41.317,604.831,-206.442,-15.34,          ,-1.29,    -5.10 ,      NaN ,    -4.78 ,279.0,67.0,   0.7 ,   0.1,,,,,167.7605731916362,30.4448103206594,3730.0
134,134,,           StKM 1-928 ,GJ  3649,59.9389,16.6836561898867,           J11126+189 ,0.51,0.51,   NaN ,dM1.5,11 12 38.9716,+18 56 05.435,-21.025,6.518,31.8,          ,-1.33,      NaN ,      NaN ,    -4.59 ,295.0,47.0,   0.4 ,   0.2,,,,,168.1623816880006,18.9348431045628,3752.0
135,135,,           LP 733-099 ,LP  733-99,52.8886,18.907666302378964,           J11201-104 ,0.53,0.53,   5.6 ,M2.0V,11 20 06.1044,-10 29 46.725,-197.852,19.732,11.3,    Rev20 ,-1.38,    -3.21 ,    -3.94 ,      NaN ,2170.0,156.0,   4.6 ,   0.0,,,,,170.0254353080854,-10.4963126891104,3697.0
138,138,,           LP 672-042 ,LP  672-42,74.3878,13.443064588548122,           J11306-080 ,0.39,0.39,   NaN ,M3.0V,11 30 41.8254,-08 05 42.986,-353.486,257.449,28.01,          ,-1.8,      NaN ,      NaN ,      NaN ,383.0,92.0,   0.0 ,   0.2,,,,,172.6742727661248,-8.0952740381023,3486.0
142,142,,               GJ 443 ,LP  733-71,51.5932,19.3823992309064,           J11467-140 ,0.52,0.52,   NaN ,M3V,11 46 42.9130,-14 00 51.781,710.881,-786.442,20.475,          ,-1.42,      NaN ,      NaN ,    -4.77 ,271.0,81.0,   0.9 ,   0.3,,,,,176.6788045633238,-14.0143837515558,3565.0
143,143,,               GJ 445 ,G 254-29,190.2625,5.255896458839761,           J11476+786 ,0.28,0.29,   NaN ,M4.0Ve,11 47 41.3885,+78 41 28.179,748.111,480.604,-111.51,          ,-2.11,    -4.84 ,      NaN ,    -5.61 ,158.0,158.0,   0.0 ,   0.0,,,,,176.9224520994615,78.6911609355406,3361.0
145,145,,              GJ 1151 ,G 122-49,124.4074,8.038107057940284,           J11509+483 ,0.19,0.21, 125.0 ,M4.5Ve,11 50 57.7214,+48 22 38.562,-1545.704,-962.816,-35.12,     DA19 ,-2.48,      NaN ,      NaN ,      NaN ,340.0,340.0,   0.0 ,   0.0,,,,,177.7405060242742,48.377378464865,3282.0
146,146,,           BD+36 2219 ,MCC 135,114.1376,8.761354715711562,           J11511+352 ,0.49,0.48,  22.8 ,M1.5V,11 51 07.3365,+35 16 19.248,-273.164,253.364,0.18,     DA19 ,-1.49,    -4.43 ,      NaN ,    -4.62 ,658.0,60.0,   0.0 ,   0.0,,,,,177.7805689785803,35.2720135639359,3692.0
147,147,,           LP 734-032 ,LP  734-32,81.5516,12.262175113670365,           J12100-150 ,0.41,0.41,   NaN ,dM3.5,12 10 05.6010,-15 04 16.955,-56.237,-713.341,80.75,          ,-1.78,      NaN ,      NaN ,    -5.19 ,162.0,162.0,   0.0 ,   0.0,,,,,182.5233375950587,-15.0713764629086,3415.0
148,148,,             LTT 4562 ,L  758-108,78.3453,12.764007540975657,           J12111-199 ,0.39,0.38,   NaN ,dM3.0,12 11 11.7598,-19 57 38.069,-212.86,-184.266,-9.093,          ,-1.78,      NaN ,      NaN ,    -5.19 ,207.0,207.0,   0.0 ,   0.2,,,,,182.7989995407656,-19.9605747937849,3517.0
150,150,,           StKM 2-809 ,StKM 2-809,39.4004,25.38045299032497,           J12156+526 ,0.53,0.53,   0.7 ,M4.0V,12 15 39.3673,+52 39 08.720,103.277,0.992,-10.224,    Rev20 ,-1.47,    -2.99 ,    -3.64 ,      NaN ,6528.0,679.0,  37.6 ,   0.3,,,,,183.9140306467617,52.652422229107,3360.0
151,151,,               GL Vir ,V* GL Vir,154.5077,6.4721693481942975,           J12189+111 ,0.15,0.18,   0.5 ,M4.5Ve,12 18 59.3999,+11 07 33.770,-1269.932,203.617,6.0,     DA19 ,-2.66,    -3.26 ,    -3.76 ,    -4.70 ,3966.0,459.0,  13.0 ,   0.2,,,,,184.7474996577686,11.1260472911359,3064.0
152,152,,             Ross 690 ,Ross  690,54.4509,18.365169354409204,           J12230+640 ,0.51,0.5,  32.9 ,M3V,12 23 00.1606,+64 01 50.963,-673.251,373.398,9.098,     DA19 ,-1.47,      NaN ,      NaN ,    -5.06 ,111.0,111.0,   1.1 ,   0.0,,,,,185.7506693852827,64.0308232714215,3563.0
153,153,,             Ross 695 ,Ross  695,112.7372,8.870186593245176,           J12248-182 ,0.28,0.29,   NaN ,dM2.0,12 24 52.5025,-18 14 32.249,1095.877,-2309.278,51.187,          ,-2.02,      NaN ,      NaN ,    -5.42 ,285.0,67.0,   1.1 ,   0.2,,,,,186.2187608095184,-18.2422916435183,3432.0
154,154,,           BD+09 2636 ,BD+09  2636,73.764,13.556748549427908,           J12312+086 ,0.57,0.57,   NaN ,M0V,12 31 15.8012,+08 48 38.189,-632.466,-523.756,19.147,          ,-1.22,      NaN ,      NaN ,    -4.51 ,363.0,44.0,   1.0 ,   0.1,,,,,187.8158383539613,8.8106082938987,3896.0
155,155,,           LP 795-038 ,LP  795-38,41.8302,23.90617305200549,           J12373-208 ,0.45,0.45,   NaN ,dM4.0,12 37 21.5656,-20 52 35.506,-40.206,-427.798,922.983,          ,-1.69,      NaN ,      NaN ,    -5.16 ,287.0,152.0,   0.0 ,   0.3,,,,,189.3398567893891,-20.8765295389107,3431.0
157,157,,            G 123-055 ,G 123-55,69.8957,14.307031763041216,           J12428+418 ,0.41,0.41,  16.2 ,M4.0V,12 42 49.8847,+41 53 47.141,-549.061,40.697,-4.25,     DA19 ,-1.8,    -3.29 ,    -4.00 ,      NaN ,2351.0,170.0,   2.1 ,   0.2,,,,,190.7078529613312,41.8964281525108,3328.0
159,159,,               FN Vir ,Wolf  461,116.8096,8.560940196696162,           J13005+056 ,0.2,0.22,   0.6 ,M4.5Ve,13 00 33.5210,+05 41 08.003,-939.561,227.32,-25.18,    Rev20 ,-2.42,    -3.21 ,    -3.77 ,    -4.45 ,3825.0,620.0,  16.4 ,   0.2,,,,,195.1396710350264,5.6855564613362,3158.0
160,160,,            G 177-025 ,G 177-25,82.0336,12.190126972362544,           J13102+477 ,0.17,0.2,  28.8 ,M5.0V,13 10 12.6294,+47 45 18.671,-636.175,-616.237,-11.9,     DA19 ,-2.53,    -3.10 ,    -4.04 ,      NaN ,2293.0,167.0,   1.8 ,   0.1,,,,,197.5526225085275,47.7551865025354,3221.0
163,163,,            Ross 1007 ,Ross 1007,59.3075,16.861273869240822,           J13196+333 ,0.58,0.58,  48.0 ,M2V,13 19 40.1257,+33 20 47.508,-298.53,-142.685,-11.701,     SM18 ,-1.26,    -5.29 ,      NaN ,    -4.80 ,225.0,98.0,   1.5 ,   0.1,,,,,199.9171905130052,33.3465301475277,3799.0
164,164,,           BD+35 2439 ,BD+35  2439,60.0765,16.645443725916124,           J13209+342 ,0.54,0.54,   NaN ,M1V,13 20 58.0475,+34 16 44.198,483.705,-297.232,-35.421,          ,-1.31,    -5.28 ,      NaN ,      NaN ,280.0,66.0,   0.0 ,   0.0,,,,,200.2418649936157,34.278944076625,3720.0
166,166,,            Ross 486A ,Ross  486A,76.2073,13.122102475747074,          J13283-023W ,0.46,0.45,  46.4 ,dM3.0,13 28 21.0793,-02 21 37.106,151.966,-493.639,-39.4,    Rae20 ,-1.59,      NaN ,      NaN ,    -5.19 ,127.0,127.0,   0.5 ,   0.3,,,,,202.0878306155308,-2.3603072373311,3554.0
168,168,,             Ross1015 ,Ross 1015,108.8253,9.189039681030057,           J13427+332 ,0.3,0.31,   NaN ,M4V,13 42 43.2692,+33 17 24.325,-111.928,-712.448,6.94,          ,-2.05,      NaN ,      NaN ,    -5.15 ,237.0,81.0,   0.0 ,   0.0,,,,,205.6802884038731,33.2900903064835,3430.0
169,169,,           BD+18 2776 ,BD+18  2776,77.4471,12.912039314577305,           J13450+176 ,0.5,0.49,   NaN ,M1V,13 45 05.0809,+17 47 07.568,450.842,-1833.189,18.9,          ,-1.35,      NaN ,      NaN ,    -4.98 ,100.0,100.0,   0.0 ,   0.0,,,,,206.2711704713181,17.7854356666902,3829.0
170,170,,            HD 119850 ,HD 119850,183.9836,5.43526705641155,           J13457+148 ,0.51,0.51,  52.3 ,M2V,13 45 43.7754,+14 53 29.473,1776.019,-1455.184,15.74,     SM15 ,-1.42,    -5.27 ,      NaN ,    -4.96 ,179.0,54.0,   0.0 ,   0.0,,,,,206.432397720273,14.8915203320756,3620.0
171,171,,      RX J1353.6+7737 ,LP   21-224,75.4702,13.2502630177209,           J13536+776 ,0.29,0.3,   1.2 ,M4.0V,13 53 38.7950,+77 37 08.150,224.138,-15.142,13.0,    Rev20 ,-2.06,    -3.14 ,    -3.79 ,      NaN ,2627.0,397.0,   9.7 ,   0.1,,,,,208.4116460513179,77.6189307244311,3198.0
172,172,,           LP 799-007 ,L  763-63,92.4336,10.81857679458552,           J13591-198 ,0.28,0.3,   3.3 ,M4.5V,13 59 10.4103,-19 50 03.661,-559.844,-186.654,-16.06,    Rev20 ,-2.13,    -3.20 ,    -3.90 ,    -4.25 ,1911.0,241.0,   4.2 ,   0.1,,,,,209.7933766631101,-19.8343503059283,3261.0
174,174,,            BD+81 465 ,BD+81   465,58.1724,17.19028267700834,           J14082+805 ,0.58,0.58,   NaN ,M3V,14 08 12.9814,+80 35 50.192,212.227,-543.671,7.398,          ,-1.19,      NaN ,      NaN ,    -4.70 ,402.0,58.0,   1.2 ,   0.2,,,,,212.0540892037149,80.5972756116989,3803.0
175,175,,             Ross 992 ,Ross  992,58.8719,16.98603238556935,           J14152+450 ,0.47,0.47,  52.8 ,M3V,14 15 16.9799,+45 00 53.280,-674.453,-224.017,14.3,     DA19 ,-1.58,      NaN ,      NaN ,      NaN ,313.0,82.0,   1.1 ,   0.2,,,,,213.8207499103924,45.0148001380352,3516.0
176,176,,      RX J1417.3+4525 ,FBS 1415+456,51.7439,19.325949532215397,           J14173+454 ,0.31,0.32,   0.4 ,dM5.0,14 17 22.1023,+45 25 45.996,44.017,-18.712,3.1,    Rev20 ,-2.11,    -3.06 ,    -3.94 ,      NaN ,5845.0,498.0,  14.9 ,   0.3,,,,,214.3420932159898,45.4294434180692,3222.0
177,177,,            tet Boo B ,* tet Boo B,68.7887,14.537271383235908,           J14251+518 ,0.43,0.42,   NaN ,M2.5V,14 25 11.5804,+51 49 53.105,-239.56,-404.17,-12.73,          ,-1.64,      NaN ,      NaN ,      NaN ,120.0,120.0,   0.0 ,   0.1,,,,,216.2982518168286,51.8314180912765,3551.0
178,178,,          BD+24 2733B ,BD+24  2733B,61.2029,16.339095042881954,          J14257+236E ,0.63,0.62,   NaN ,M3V,14 25 46.6521,+23 37 13.710,793.487,-1119.01,8.9,   (DA19) ,-1.13,    -4.41 ,      NaN ,    -4.65 ,268.0,54.0,   1.5 ,   0.0,,,,,216.444384127848,23.6204751105861,3933.0
179,179,,          BD+24 2733A ,BD+24  2733,61.1783,16.345665047900972,          J14257+236W ,0.64,0.64, 111.0 ,M3V,14 25 43.4748,+23 37 01.493,792.548,-1116.601,8.78,     DA19 ,-1.07,      NaN ,      NaN ,    -4.55 ,226.0,51.0,   1.6 ,   0.0,,,,,216.4311453200617,23.6170815125327,3985.0
180,180,,             Ross 130 ,BD+16  2658,70.1774,14.249601723631825,           J14294+155 ,0.53,0.53,  43.5 ,M2/3V,14 29 29.6973,+15 31 57.498,-1054.73,1299.485,7.849,     SM18 ,-1.39,      NaN ,      NaN ,    -4.86 ,415.0,140.0,   0.0 ,   0.4,,,,,217.373738895634,15.5326385317486,3660.0
181,181,,           BD-07 3856 ,HD 127339,63.3636,15.781931582170206,           J14307-086 ,0.62,0.74,   NaN ,K7V,14 30 47.7170,-08 38 46.788,-1271.189,-238.608,-22.475,          ,-1.02,      NaN ,      NaN ,    -4.61 ,211.0,43.0,   0.6 ,   0.1,,,,,217.6988209400694,-8.6463301762525,4037.0
182,182,,            Wolf 1478 ,Wolf 1478,92.0697,10.861336574356168,           J14310-122 ,0.35,0.35,   NaN ,dM3.5,14 31 01.1605,-12 17 45.948,-407.965,-398.937,-1.76,          ,-1.89,      NaN ,      NaN ,    -5.57 ,299.0,299.0,   0.0 ,   0.1,,,,,217.7548354450672,-12.2960966942961,3450.0
183,183,,           LP 560-035 ,LP  560-35,78.3186,12.768358984966534,           J14321+081 ,0.16,0.17,   NaN ,M6V,14 32 08.5075,+08 11 31.248,-476.955,10.099,-18.0,          ,-2.73,      NaN ,    -4.16 ,      NaN ,2842.0,367.0,   6.8 ,   0.1,,,,,218.035448272433,8.1920134877393,3161.0
184,184,,               HN Lib ,BD-11  3759,160.1141,6.245546144905414,           J14342-125 ,0.33,0.34,   NaN ,M3.5V,14 34 16.8115,-12 31 10.417,-355.037,593.22,-1.28,          ,-2.0,      NaN ,      NaN ,    -5.22 ,109.0,109.0,   0.0 ,   0.0,,,,,218.5700481670775,-12.5195603769259,3347.0
185,185,,              G 66-37 ,G  66-37,48.3446,20.684833466405763,           J14524+123 ,0.54,0.54,   NaN ,M2.5Ve,14 52 28.5347,+12 23 32.799,-61.312,-227.803,5.758,          ,-1.38,      NaN ,      NaN ,    -4.64 ,462.0,106.0,   1.6 ,   0.1,,,,,223.1188946783369,12.3924442408414,3703.0
186,186,,            Ross 1041 ,Ross 1041,67.0722,14.909306687420422,           J14544+355 ,0.4,0.39,   NaN ,M3.5Ve,14 54 27.9073,+35 32 57.001,149.328,-841.181,-40.777,          ,-1.82,      NaN ,      NaN ,      NaN ,254.0,254.0,   0.0 ,   0.0,,,,,223.6162808077018,35.5491670793889,3433.0
187,187,,               G 15-2 ,G  15-2,66.687,14.995426394949542,           J15013+055 ,0.38,0.38,   NaN ,M3.0Ve,15 01 20.1077,+05 32 55.539,83.475,-442.479,-6.146,          ,-1.81,      NaN ,      NaN ,    -5.11 ,437.0,121.0,   0.0 ,   0.1,,,,,225.3337823181829,5.5487608913643,3502.0
188,188,,            Ross 1047 ,Ross 1047,68.4948,14.599648440465554,           J15095+031 ,0.47,0.46,   NaN ,M2V,15 09 35.5922,+03 10 00.551,-602.106,481.324,-32.4,          ,-1.59,      NaN ,      NaN ,    -5.13 ,100.0,100.0,   0.0 ,   0.0,,,,,227.3983009711452,3.1668198896981,3545.0
192,192,,               OT Ser ,V* OT Ser,87.3783,11.444489077951848,           J15218+209 ,0.55,0.55,   3.4 ,M1.0V,15 21 52.9325,+20 58 39.910,81.454,128.075,6.831,    Rev20 ,-1.33,    -3.21 ,    -3.76 ,    -3.98 ,3357.0,96.0,   4.1 ,   0.0,,,,,230.4705524984684,20.9777530498079,3611.0
193,193,,           NLTT 40406 ,LP  502-56,115.7576,8.638741646336829,           J15305+094 ,0.14,0.15,   0.3 ,M5.5V,15 30 30.3279,+09 26 01.433,-178.993,184.491,1.32,     DA19 ,-2.89,      NaN ,    -3.96 ,      NaN ,4780.0,598.0,  13.4 ,   0.3,,,,,232.626366371171,9.4337315212803,3073.0
194,194,,             Ross 802 ,Ross  802,71.655,13.955760240039076,           J15369-141 ,0.34,0.35,   NaN ,dM4.0,15 36 58.6247,-14 08 01.755,-449.874,-629.149,-191.293,          ,-1.94,      NaN ,      NaN ,    -5.27 ,465.0,465.0,   0.0 ,   0.1,,,,,234.2442698697029,-14.1338208848786,3428.0
195,195,,           LP 743-031 ,G 152-50,62.5155,15.996032983820012,           J15474-108 ,0.51,0.5,   NaN ,M2.5V,15 47 24.5487,-10 53 47.266,-309.006,-370.772,-1.901,          ,-1.46,      NaN ,      NaN ,      NaN ,1000.0,143.0,   3.2 ,   0.0,,,,,236.8522866659138,-10.8964630395208,3481.0
196,196,,           LP 022-420 ,G 256-25,48.4233,20.65121542728397,           J15499+796 ,0.29,0.31,   0.2 ,M5.0V,15 49 55.1562,+79 39 51.645,-223.178,120.675,-15.672,    Rev20 ,-2.15,    -3.60 ,    -3.81 ,      NaN ,3235.0,1040.0,  31.0 ,   0.1,,,,,237.4798176438173,79.66434587271,3095.0
199,199,,           BD-07 4156 ,BD-07  4156,75.2306,13.292463439079311,           J15598-082 ,0.51,0.51,  20.0 ,M1V,15 59 53.3815,-08 15 11.541,202.554,-25.528,-17.126,     SM18 ,-1.43,    -4.46 ,      NaN ,    -4.60 ,524.0,102.0,   0.8 ,   0.3,,,,,239.9724231767822,-8.2532060250746,3707.0
200,200,,               GJ 609 ,G 137-78,99.9043,10.00957916726307,           J16028+205 ,0.28,0.3,   NaN ,M4V,16 02 50.9443,+20 35 21.030,-961.089,-1242.231,6.503,          ,-2.14,      NaN ,      NaN ,    -5.12 ,214.0,74.0,   0.0 ,   0.0,,,,,240.7122683257092,20.589175072051,3362.0
201,201,,            G 137-084 ,G 137-84,73.8594,13.539238065838608,           J16092+093 ,0.4,0.39,   NaN ,M3.0V,16 09 16.2650,+09 21 07.544,-340.99,218.755,-45.015,          ,-1.73,      NaN ,      NaN ,    -4.84 ,505.0,121.0,   0.0 ,   0.1,,,,,242.3177708552186,9.3520957922624,3517.0
202,202,,               EW Dra ,V* EW Dra,92.8976,10.7645407416338,          J16167+672N ,0.49,0.49,   NaN ,M3.0Ve,16 16 45.3148,+67 15 22.477,-483.168,89.266,-18.36,          ,-1.53,    -4.85 ,      NaN ,    -4.91 ,243.0,243.0,   0.2 ,   0.1,,,,,244.1888120551403,67.2562438494694,3569.0
208,208,,            G 180-060 ,G 180-60,88.8598,11.253682767685724,           J16313+408 ,0.19,0.2,   0.5 ,M6V,16 31 18.7890,+40 51 51.704,-143.437,306.325,2.606,    Rev20 ,-2.58,      NaN ,    -3.65 ,      NaN ,4174.0,379.0,   7.4 ,   0.2,,,,,247.8282877272153,40.8643624863602,3170.0
209,209,,              GJ 1203 ,G 138-39,54.0491,18.50169568040911,           J16327+126 ,0.43,0.42,   NaN ,M3.0Ve,16 32 45.1913,+12 36 45.997,-764.806,-136.209,-6.5,          ,-1.68,      NaN ,      NaN ,    -5.29 ,233.0,233.0,   0.0 ,   0.3,,,,,248.1882974531991,12.61277714541,3486.0
210,210,,           LP 446-006 ,G 138-64,63.4066,15.771228862610515,           J16462+164 ,0.45,0.45,   NaN ,M3.0Ve,16 46 13.7425,+16 28 40.789,-354.763,-471.969,19.4,          ,-1.59,      NaN ,      NaN ,    -5.11 ,192.0,192.0,   0.4 ,   0.3,,,,,251.5572604679936,16.4779971251963,3560.0
211,211,,               GJ 643 ,Wolf  629,153.9189,6.49692792762942,          J16554-083N ,0.23,0.25,   NaN ,M3.5V,16 55 25.2215,-08 19 21.301,-816.944,-898.327,15.839,   (DA19) ,-2.27,      NaN ,      NaN ,    -5.25 ,257.0,71.0,   0.2 ,   0.2,,,,,253.8550898942543,-8.3225836465868,3397.0
212,212,,                 vB 8 ,VB  8,153.8139,6.501363010755205,           J16555-083 ,0.1,0.12,   NaN ,M7Ve,16 55 35.2561,-08 23 40.752,-813.418,-870.611,15.68,          ,-3.22,    -3.61 ,    -4.06 ,      NaN ,3022.0,199.0,   4.0 ,   1.0,,,,,253.8969005917633,-8.3946535843381,3005.0
213,213,,           LP 686-027 ,G  19-7,115.0339,8.693089602282457,           J16570-043 ,0.26,0.28,   0.5 ,dM4,16 57 05.7363,-04 20 56.317,481.541,-376.243,-3.47,     DA19 ,-2.18,    -3.11 ,    -3.69 ,    -4.18 ,3657.0,380.0,   9.7 ,   0.1,,,,,254.2739014244785,-4.3489770909285,3206.0
216,216,,            G 203-042 ,G 203-42,100.8741,9.91334743011338,           J17033+514 ,0.21,0.23,   NaN ,M5.0V,17 03 23.8835,+51 24 22.869,124.575,610.128,37.455,          ,-2.38,      NaN ,      NaN ,      NaN ,258.0,258.0,   0.0 ,   0.0,,,,,255.8495148660813,51.4063525522569,3273.0
217,217,,             Wolf 636 ,HD 154363B,95.6369,10.456215121987434,           J17052-050 ,0.47,0.46,  50.2 ,M1.5V,17 05 13.7796,-05 05 39.248,-917.276,-1131.947,34.828,     DA19 ,-1.47,    -4.82 ,      NaN ,    -5.08 ,156.0,156.0,   0.0 ,   0.0,,,,,256.307415386862,-5.09423583114,3587.0
218,218,,             Ross 863 ,Ross  863,71.1625,14.052344985069384,           J17071+215 ,0.43,0.42,   NaN ,M3V,17 07 07.4898,+21 33 14.469,-463.404,-25.439,-50.793,          ,-1.68,      NaN ,      NaN ,    -5.20 ,100.0,100.0,   0.0 ,   0.0,,,,,256.7812078886146,21.5540192113353,3534.0
219,219,,             Wolf 654 ,Wolf  654,83.1461,12.027022313734498,           J17115+384 ,0.42,0.41,  62.6 ,M4V,17 11 34.7478,+38 26 33.914,212.73,-46.893,-44.453,     DA19 ,-1.72,      NaN ,      NaN ,    -5.29 ,100.0,100.0,   0.0 ,   0.0,,,,,257.8947825062413,38.4427540590123,3472.0
220,220,,               GJ 671 ,G 181-39,81.7581,12.231204003028449,           J17198+417 ,0.4,0.39,  71.5 ,M2V,17 19 52.7126,+41 42 49.698,283.832,-829.843,-19.515,     DA19 ,-1.73,      NaN ,      NaN ,    -5.31 ,100.0,100.0,   0.0 ,   0.1,,,,,259.9696360040348,41.7138052052793,3540.0
221,221,,           BD+05 3409 ,BD+05  3409,98.8491,10.116429992786983,           J17303+055 ,0.53,0.52,   NaN ,M1.0Ve,17 30 22.7281,+05 32 54.663,29.836,-249.21,-12.461,          ,-1.28,      NaN ,      NaN ,    -4.66 ,268.0,58.0,   0.0 ,   0.0,,,,,262.5947008206899,5.5485177233949,3821.0
225,225,,              GJ 1222 ,G 140-19,62.2155,16.073165047295287,           J17542+073 ,0.34,0.35,   NaN ,M4V,17 54 17.1240,+07 22 44.804,-598.982,-287.974,-29.0,          ,-2.0,      NaN ,      NaN ,      NaN ,282.0,152.0,   0.0 ,   0.1,,,,,268.5713501522386,7.3791122761556,3312.0
226,226,,       Barnard's Star ,NAME Barnard's star,547.4506,1.826648833702986,           J17578+046 ,0.17,0.19, 148.6 ,M4V,17 57 48.4997,+04 41 36.111,-802.803,10362.542,-110.11,     SM15 ,-2.45,    -5.41 ,      NaN ,    -5.49 ,433.0,76.0,   0.4 ,   0.0,,,,,269.452082497514,4.6933642650633,3254.0
228,228,,           LP 071-082 ,G 227-22,128.4871,7.782882483922511,           J18022+642 ,0.18,0.21,   0.3 ,M5.0V,18 02 16.6046,+64 15 44.238,196.045,-383.606,-0.48,    Rev20 ,-2.5,    -3.20 ,    -3.81 ,      NaN ,4931.0,313.0,  12.9 ,   0.3,,,,,270.5691862061581,64.2622885867067,3213.0
229,229,,              GJ 1223 ,G 182-36,81.8797,12.213039373617637,           J18027+375 ,0.16,0.19, 123.8 ,dM5.0,18 02 46.2639,+37 31 02.969,170.951,-1141.565,5.871,   New16a ,-2.63,      NaN ,      NaN ,      NaN ,271.0,271.0,   0.0 ,   0.0,,,,,270.6927664372776,37.5174915019753,3210.0
230,230,,            HD 165222 ,HD 165222,129.3922,7.728441127054026,           J18051-030 ,0.47,0.46, 127.8 ,M0V,18 05 07.5787,-03 01 52.753,569.729,-332.464,32.688,     SM15 ,-1.5,    -4.86 ,      NaN ,    -4.87 ,266.0,50.0,   0.0 ,   0.0,,,,,271.2815781443755,-3.0313203377846,3706.0
231,231,,              GJ 1224 ,G 154-44,125.5872,7.962594914131377,           J18075-159 ,0.19,0.2,   3.9 ,M4.0Ve,18 07 32.8377,-15 57 47.066,-618.435,-347.1,-32.69,     DA19 ,-2.52,    -3.08 ,    -3.87 ,      NaN ,3193.0,162.0,   1.6 ,   0.1,,,,,271.8868239655746,-15.9630741161839,3220.0
232,232,,            LP 390-16 ,LP  390-16,56.0098,17.854018403922172,           J18131+260 ,0.35,0.35,   2.3 ,M4.0V,18 13 06.5715,+26 01 51.858,221.096,-37.195,-8.36,    Rev20 ,-1.93,    -2.67 ,    -3.61 ,      NaN ,4490.0,267.0,   6.3 ,   0.1,,,,,273.2773814635423,26.0310717966741,3271.0
233,233,,             G 140-51 ,G 140-51,68.1534,14.672782282321938,           J18165+048 ,0.19,0.22,   NaN ,M5V,18 16 31.5401,+04 52 45.777,-155.719,407.386,-51.0,          ,-2.45,      NaN ,      NaN ,      NaN ,132.0,132.0,   0.0 ,   0.0,,,,,274.1314174520134,4.8793827262785,3240.0
234,234,,      TYC 3529-1437-1 ,V* V401 Dra,50.3808,19.848831300813007,           J18174+483 ,0.56,0.56,  16.0 ,dM2.0,18 17 25.1255,+48 22 02.331,-45.63,48.442,-23.91,     CC21 ,-1.34,    -3.62 ,    -4.01 ,      NaN ,1905.0,100.0,   2.2 ,   0.0,,,,,274.3546898963762,48.3673142572218,3605.0
235,235,,             G 204-58 ,G 204-58,88.0532,11.35677067954373,          J18180+387E ,0.32,0.32,   NaN ,M3V,18 18 04.2267,+38 46 32.606,-363.847,-1027.374,0.481,          ,-1.9,      NaN ,      NaN ,      NaN ,268.0,268.0,   0.3 ,   0.5,,,,,274.5176116426329,38.7757239091017,3495.0
236,236,,            LP 71-165 ,G 258-33,130.7722,7.646885194253825,           J18189+661 ,0.15,0.18,   0.5 ,M4.5V,18 18 57.2324,+66 11 33.301,434.87,-442.592,5.73,    Rev20 ,-2.63,    -3.61 ,    -4.06 ,      NaN ,3961.0,741.0,  14.5 ,   0.3,,,,,274.7384683939613,66.1925837290508,3172.0
237,237,,            HD 168442 ,HD 168442,52.5185,19.04090939383265,           J18198-019 ,0.62,0.61,   NaN ,K7Vk,18 19 50.8412,-01 56 19.005,-0.46,-0.028,-14.468,          ,-1.02,      NaN ,      NaN ,      NaN ,274.0,41.0,   0.0 ,   0.0,,,,,274.9618383432947,-1.938612589349,4155.0
238,238,,             Ross 136 ,Ross  136,67.5942,14.794168730453205,           J18221+063 ,0.33,0.34,   NaN ,M4V,18 22 06.6762,+06 20 37.582,-1190.51,111.159,-45.0,          ,-1.98,      NaN ,      NaN ,    -4.62 ,216.0,216.0,   0.3 ,   0.3,,,,,275.5278178479201,6.3437728066667,3397.0
239,239,,              GJ 1227 ,G 227-29,119.7519,8.350598195101705,           J18224+620 ,0.21,0.24,   NaN ,M4.0V,18 22 27.0947,+62 03 01.746,-955.102,-1235.609,-13.646,          ,-2.52,      NaN ,      NaN ,      NaN ,496.0,222.0,   0.0 ,   0.0,,,,,275.6128948314121,62.0504851737469,3294.0
240,240,,            G 205-028 ,G 205-28,73.649,13.577916875992884,           J18319+406 ,0.39,0.38,  50.2 ,M3.5Ve,18 31 58.3750,+40 41 11.007,-92.69,413.114,-18.981,     DA19 ,-1.79,    -4.77 ,      NaN ,    -5.05 ,189.0,189.0,   0.0 ,   0.1,,,,,277.9932295218721,40.686390834132,3492.0
241,241,,           LP 229-017 ,LP  229-17,91.8545,10.886782901218774,           J18346+401 ,0.46,0.46,  40.2 ,M4V,18 34 36.6519,+40 07 26.381,57.726,-206.323,12.533,     DA19 ,-1.67,    -4.74 ,      NaN ,    -5.02 ,240.0,60.0,   0.0 ,   0.0,,,,,278.6527163265401,40.123994963406,3447.0
243,243,,             Ross 149 ,Ross  149,83.0284,12.044071667044047,           J18363+136 ,0.33,0.34,  50.2 ,M4V,18 36 19.2320,+13 36 26.372,179.139,278.913,-44.932,     DA19 ,-1.98,    -3.54 ,    -4.53 ,    -4.67 ,1470.0,176.0,   1.4 ,   0.1,,,,,279.0801333721623,13.6073256765249,3335.0
244,244,,           BD-13 5069 ,BD-13  5069,58.9132,16.974124644392088,           J18409-133 ,0.55,0.55,   NaN ,dM1.0,18 40 57.3077,-13 22 46.595,-94.322,-671.247,-32.954,          ,-1.29,      NaN ,      NaN ,    -4.65 ,307.0,59.0,   1.1 ,   0.0,,,,,280.2387824751417,-13.3796097223624,3799.0
245,245,,             Ross 145 ,Ross  145,92.5881,10.80052404142649,           J18419+318 ,0.39,0.38,   NaN ,M2V,18 41 59.0356,+31 49 49.761,-300.254,8.358,-31.64,          ,-1.77,      NaN ,      NaN ,    -5.45 ,103.0,103.0,   0.0 ,   0.1,,,,,280.4959820294051,31.8304893406284,3519.0
246,246,,            HD 173739 ,HD 173739,283.9489,3.52176042942938,          J18427+596N ,0.33,0.33,   NaN ,M3V,18 42 46.7048,+59 37 49.411,-1311.907,1792.185,-0.58,          ,-1.82,      NaN ,      NaN ,      NaN ,118.0,118.0,   1.0 ,   0.1,,,,,280.6946035555876,59.6303921626809,3473.0
247,247,,            HD 173740 ,HD 173740,283.8624,3.52283359825042,          J18427+596S ,0.26,0.27,   NaN ,M3.5V,18 42 46.8942,+59 37 36.723,-1400.023,1862.407,1.19,          ,-2.07,    -5.04 ,      NaN ,      NaN ,113.0,113.0,   1.4 ,   0.0,,,,,280.6953925742074,59.626867525699,3393.0
248,248,,            G 155-042 ,G 155-42,58.5351,17.083766833916744,           J18480-145 ,0.42,0.41,   NaN ,dM2.5,18 48 01.2690,-14 34 51.201,-236.486,-237.025,-4.651,          ,-1.71,      NaN ,      NaN ,      NaN ,153.0,153.0,   0.0 ,   0.2,,,,,282.0052876274804,-14.5808893631867,3540.0
249,249,,            G 141-036 ,G 141-36,131.199,7.622009314095381,           J18482+076 ,0.14,0.16,   2.8 ,M5.0V,18 48 17.5370,+07 41 21.177,376.333,249.304,-34.0,     DA19 ,-2.67,    -3.64 ,    -4.02 ,      NaN ,1189.0,228.0,   3.6 ,   0.0,,,,,282.0730709811048,7.6892159592679,3175.0
250,250,,            V1216 Sgr ,Ross  154,336.1228,2.9751031468261004,           J18498-238 ,0.19,0.21,   2.9 ,M3.5Ve,18 49 49.3638,-23 50 10.453,639.348,-193.55,-10.494,     CC21 ,-2.4,      NaN ,    -3.99 ,    -4.34 ,2083.0,223.0,   4.4 ,   0.0,,,,,282.4556825032537,-23.8362371023813,3340.0
252,252,,             Ross 730 ,Ross  730,113.3401,8.823002626607881,           J19070+208 ,0.34,0.34,   NaN ,M2.0V,19 07 05.5652,+20 53 16.917,-478.816,-347.636,32.349,          ,-1.85,      NaN ,      NaN ,    -6.05 ,111.0,111.0,   0.0 ,   0.0,,,,,286.7731884945051,20.8880325623221,3543.0
253,253,,            HD 349726 ,HD 349726,113.2063,8.833430648294309,           J19072+208 ,0.36,0.36,   NaN ,M2V,19 07 13.2038,+20 52 37.255,-480.688,-332.344,32.27,   (DA19) ,-1.85,      NaN ,      NaN ,    -5.74 ,111.0,111.0,   0.0 ,   0.0,,,,,286.8050161573743,20.8770155201111,3558.0
254,254,,            G 207-019 ,G 207-19,80.2136,12.466713873956536,           J19084+322 ,0.38,0.38,  74.1 ,M3V,19 08 29.9254,+32 16 51.610,-199.501,-224.184,-1.5,     DA19 ,-1.81,      NaN ,      NaN ,    -5.41 ,207.0,207.0,   0.0 ,   0.1,,,,,287.1246893752301,32.2810029649644,3501.0
255,255,,              GJ 1232 ,G 142-11,97.4518,10.26148311267724,           J19098+176 ,0.21,0.23,  80.1 ,M4V,19 09 50.8733,+17 40 06.408,-641.446,-424.538,-14.013,     DA19 ,-2.39,      NaN ,      NaN ,    -5.08 ,165.0,165.0,   0.0 ,   0.0,,,,,287.4619720860554,17.6684467576092,3277.0
257,257,,              GJ 1235 ,G 185-18,94.1985,10.61588029533379,           J19216+208 ,0.22,0.24, 133.0 ,M4.0Ve,19 21 38.6988,+20 52 03.270,-948.341,-1455.734,4.883,     DA19 ,-2.35,      NaN ,      NaN ,    -5.34 ,335.0,96.0,   0.0 ,   0.0,,,,,290.411245288514,20.8675750448875,3278.0
258,258,,             Ross 164 ,Ross  164,59.6967,16.751344714196932,           J19251+283 ,0.4,0.4,   NaN ,M3.5Ve,19 25 08.4838,+28 21 13.797,207.518,377.674,-40.638,          ,-1.78,      NaN ,      NaN ,    -5.08 ,252.0,83.0,   0.0 ,   0.1,,,,,291.2853495290984,28.3538327082214,3472.0
259,259,,           BD+04 4157 ,HD 184489,69.3122,14.42747452829372,           J19346+045 ,0.61,0.61,   NaN ,M0V,19 34 39.8401,+04 34 57.048,524.143,311.15,-58.681,   (DA19) ,-1.12,      NaN ,      NaN ,    -4.27 ,216.0,40.0,   0.0 ,   0.0,,,,,293.6660006672354,4.5825135227371,4093.0
260,260,,            G 208-042 ,G 208-42,83.4814,11.978716217025587,           J19511+464 ,0.28,0.29,   0.6 ,M4.0V,19 51 09.3205,+46 29 00.208,183.293,266.019,-13.01,    Rev20 ,-2.14,    -3.37 ,    -3.73 ,    -4.89 ,4209.0,615.0,  24.6 ,   0.2,,,,,297.7888355291611,46.4833913698978,3177.0
261,261,,            Wolf 1069 ,Wolf 1069,104.3181,9.58606416336187,           J20260+585 ,0.18,0.21,  57.7 ,dM5.0,20 26 05.3020,+58 34 22.679,261.08,542.99,-68.419,     DA19 ,-2.54,      NaN ,      NaN ,      NaN ,307.0,307.0,   0.0 ,   0.0,,,,,306.5220918451393,58.5729664911943,3223.0
262,262,,               GJ 793 ,G 262-15,123.7545,8.080514243926483,           J20305+654 ,0.42,0.41,  32.8 ,M3V,20 30 32.0455,+65 26 58.410,443.22,283.443,10.7,     DA19 ,-1.7,    -4.10 ,      NaN ,    -4.83 ,217.0,105.0,   2.7 ,   0.1,,,,,307.6335229410969,65.449558362188,3514.0
263,263,,              GJ 1254 ,G 230-42,62.4692,16.007888687545222,           J20336+617 ,0.42,0.41,   NaN ,M4.0Ve,20 33 40.3195,+61 45 13.587,537.911,911.281,-8.558,   (DA19) ,-1.74,      NaN ,      NaN ,      NaN ,261.0,139.0,   0.3 ,   0.2,,,,,308.4179981245644,61.7537743387427,3406.0
264,264,,              GJ 1256 ,G 144-25,104.8892,9.5338700266567,           J20405+154 ,0.21,0.23, 106.0 ,M4.5V,20 40 33.8629,+15 29 58.728,1321.004,662.235,-59.0,     DA19 ,-2.39,      NaN ,      NaN ,    -5.45 ,414.0,110.0,   0.0 ,   0.0,,,,,310.1410954502529,15.49964692916,3263.0
265,265,,           BD+44 3567 ,BD+44  3567,82.9968,12.048657297630752,           J20450+444 ,0.44,0.44,  19.9 ,M2V,20 45 04.0991,+44 29 56.643,434.079,271.143,-24.72,     DA19 ,-1.6,      NaN ,      NaN ,    -4.92 ,171.0,64.0,   0.0 ,   0.0,,,,,311.2670799036872,44.4990676087403,3600.0
268,268,,           LP 816-060 ,LP  816-60,178.1243,5.614057149978975,           J20525-169 ,0.25,0.27,  67.6 ,M4V,20 52 33.0167,-16 58 29.007,-309.217,37.345,16.46,     DA19 ,-2.18,      NaN ,      NaN ,    -5.13 ,378.0,77.0,   0.0 ,   0.0,,,,,313.1375696373591,-16.9747243787847,3382.0
269,269,,            HD 199305 ,HD 199305,142.0341,7.040562794427536,           J20533+621 ,0.57,0.57,   NaN ,M1.0Ve,20 53 19.7890,+62 09 15.813,0.191,-772.885,-17.168,          ,-1.28,    -4.87 ,      NaN ,    -4.60 ,345.0,80.0,   0.0 ,   0.0,,,,,313.3324544628268,62.1543926992899,3815.0
270,270,,             GJ 810 B ,LP  756-18,80.2319,12.463870355806108,          J20556-140S ,0.16,0.19,   NaN ,M4.5V,20 55 37.1152,-14 03 54.880,1420.743,-472.12,912.541,          ,-2.61,      NaN ,      NaN ,      NaN ,372.0,161.0,   0.0 ,   0.0,,,,,313.9046470564708,-14.0652446368013,3193.0
271,271,,             Wolf 896 ,Wolf  896,62.1155,16.099041302090463,           J20567-104 ,0.49,0.49,   NaN ,dM2.5,20 56 46.5970,-10 26 54.749,-37.196,-1124.321,35.36,   (DA19) ,-1.49,      NaN ,      NaN ,    -5.00 ,293.0,53.0,   0.0 ,   0.1,,,,,314.1941543330863,-10.4485414480835,3560.0
272,272,,             Wolf 906 ,Wolf  906,69.1402,14.463365740914838,           J21019-063 ,0.48,0.48,   NaN ,M2.5V,21 01 58.6409,-06 19 07.476,-230.064,-442.009,-14.95,          ,-1.52,    -4.75 ,      NaN ,    -4.96 ,238.0,59.0,   0.0 ,   0.1,,,,,315.4943374302661,-6.3187436079594,3568.0
273,273,,           LP 397-041 ,LP  397-41,10.5996,94.34318276161363,           J21152+257 ,0.57,0.57,  34.8 ,,21 28 14.1513,+26 37 47.063,200.44,-70.007,--,     DA19 ,-1.33,      NaN ,      NaN ,      NaN ,216.0,106.0,   1.7 ,   0.1,,,,,322.0589638354921,26.6297397724427,3611.0
276,276,,             Wolf 926 ,Wolf  926,56.7717,17.61440999652996,           J21348+515 ,0.48,0.47,  54.3 ,M2.5Ve,21 34 50.3390,+51 32 13.598,458.874,313.161,-14.5,     DA19 ,-1.57,      NaN ,      NaN ,      NaN ,226.0,226.0,   0.0 ,   0.0,,,,,323.7097460241919,51.5371106770549,3525.0
277,277,,      LSPM J2146+3813 ,LSPM J2146+3813,142.0522,7.039665700355221,           J21463+382 ,0.21,0.23,   NaN ,M5V,21 46 22.0723,+38 13 04.974,161.559,-119.58,-98.515,          ,-2.35,      NaN ,      NaN ,      NaN ,309.0,78.0,   0.0 ,   0.0,,,,,326.5919680495911,38.2180486022704,3247.0
282,282,,             V374 Peg ,V* V374 Peg,109.8412,9.10405203147817,           J22012+283 ,0.33,0.33,   0.4 ,M3.5Ve,22 01 13.1233,+28 18 24.913,373.555,42.441,-4.79,    Rev20 ,-2.0,    -3.13 ,    -3.73 ,    -4.68 ,3629.0,876.0,  36.4 ,   0.2,,,,,330.3046804608944,28.3069202894049,3195.0
283,283,,           LP 819-017 ,L  715-89,78.2,12.78772378516624,           J22020-194 ,0.33,0.34,   NaN ,dM3.5,22 02 00.7643,-19 28 59.119,926.2,79.7,-23.401,          ,-1.87,      NaN ,      NaN ,    -5.32 ,164.0,164.0,   0.0 ,   0.1,,,,,330.5031848,-19.4830887,3474.0
284,284,,           BD+00 4810 ,HD 209290,94.7419,10.554992036258508,           J22021+014 ,0.57,0.57,  29.5 ,M0.5V,22 02 10.2751,+01 24 00.830,-452.43,-278.582,18.25,     DA19 ,-1.21,    -5.25 ,      NaN ,    -4.51 ,403.0,50.0,   1.1 ,   0.0,,,,,330.5428132207473,1.4002305981129,3882.0
285,285,,          G 264-018 A ,G 264-18,42.5651,23.49342536491163,           J22057+656 ,0.49,0.49,   NaN ,M1.5Ve,22 05 45.3646,+65 38 55.506,-315.332,212.22,-47.13,          ,-1.43,      NaN ,      NaN ,      NaN ,285.0,75.0,   0.0 ,   0.0,,,,,331.4390195300492,65.6487518814994,3707.0
288,288,,             Ross 271 ,Ross  271,85.2883,11.724937652644032,           J22115+184 ,0.54,0.54,  36.3 ,M2V,22 11 30.0939,+18 25 34.302,329.198,180.818,-51.328,     DA19 ,-1.36,      NaN ,      NaN ,      NaN ,257.0,61.0,   1.2 ,   0.0,,,,,332.8753914951861,18.4261950051875,3704.0
289,289,,            Wolf 1014 ,Wolf 1014,62.781,15.928385976648986,           J22125+085 ,0.4,0.39,   NaN ,M3.0Ve,22 12 35.9443,+08 33 11.599,106.8,-670.42,11.2,          ,-1.73,      NaN ,      NaN ,    -5.21 ,123.0,123.0,   0.0 ,   0.0,,,,,333.1497682477591,8.5532220686692,3528.0
291,291,,           LP 820-012 ,L  788-34,138.1782,7.237031601222189,           J22231-176 ,0.19,0.22,   NaN ,M4.5Ve,22 23 06.9970,-17 36 26.334,308.434,-718.314,-2.1,          ,-2.46,    -3.22 ,    -3.85 ,    -4.47 ,2149.0,237.0,   2.3 ,   0.1,,,,,335.779154564007,-17.6073150061028,3228.0
294,294,,            G 215-050 ,G 215-50,71.2764,14.029889276113831,           J22298+414 ,0.29,0.3,  99.8 ,M4V,22 29 48.9855,+41 28 48.593,1192.963,449.133,7.0,     DA19 ,-2.13,      NaN ,      NaN ,      NaN ,141.0,141.0,   0.0 ,   0.0,,,,,337.4541066099008,41.480164845345,3332.0
295,295,,           BD+08 4887 ,BD+08  4887,77.0259,12.982646096962192,           J22330+093 ,0.48,0.48,   NaN ,M0V,22 33 02.2263,+09 22 40.718,538.303,141.207,-6.493,          ,-1.45,      NaN ,      NaN ,    -4.84 ,319.0,60.0,   0.0 ,   0.0,,,,,338.2592763183155,9.3779774061202,3722.0
296,296,,               EV Lac ,V* EV Lac,198.0112,5.050219381529933,           J22468+443 ,0.37,0.37,   4.3 ,M4.0V,22 46 49.7311,+44 20 02.372,-706.152,-458.775,0.287,    Rev20 ,-1.89,    -2.61 ,    -3.65 ,    -4.15 ,4324.0,114.0,   4.1 ,   0.0,,,,,341.7072132253419,44.3339922842305,3306.0
297,297,,           BD-07 5871 ,HD 216133,68.9567,14.501854062041833,           J22503-070 ,0.56,0.56,   NaN ,M0.5V,22 50 19.4242,-07 05 24.380,-106.492,103.892,-6.03,          ,-1.23,      NaN ,      NaN ,    -4.44 ,441.0,53.0,   0.0 ,   0.0,,,,,342.5809342446501,-7.0901058060582,3900.0
298,298,,               GT Peg ,V* GT Peg,66.417,15.05638616619239,           J22518+317 ,0.49,0.48,   1.6 ,M3.5V,22 51 53.5351,+31 45 15.195,523.781,-48.494,-2.284,     DA19 ,-1.57,    -3.03 ,    -3.55 ,      NaN ,3868.0,338.0,  12.7 ,   0.1,,,,,342.9730631421832,31.7542209909056,3335.0
303,303,,          StKM 1-2065 ,StKM 1-2065,59.0165,16.94441385036388,           J22559+178 ,0.56,0.56,  27.0 ,M1.0Ve,22 55 59.8455,+17 48 39.799,24.678,-110.175,-32.44,     SM18 ,-1.27,      NaN ,      NaN ,    -4.50 ,579.0,88.0,   0.9 ,   0.3,,,,,343.9993565877059,17.8110553403531,3814.0
304,304,,            HD 216899 ,HD 216899,145.6107,6.867627173003083,           J22565+165 ,0.58,0.58,  39.5 ,M1.5Ve,22 56 34.8047,+16 33 12.353,-1034.803,-283.998,-27.5,     DA19 ,-1.29,    -5.18 ,      NaN ,    -4.62 ,332.0,48.0,   1.3 ,   0.0,,,,,344.1450197048956,16.5534315908747,3798.0
305,305,,           NLTT 56083 ,G  28-46,49.8,20.080321285140563,           J23113+085 ,0.3,0.3,   NaN ,M3V,23 11 23.7796,+08 31 01.355,-326.0,-323.0,-10.0,          ,-1.97,      NaN ,      NaN ,      NaN ,223.0,62.0,   0.0 ,   0.0,,,,,347.8490818,8.5170431,3477.0
306,306,,           LP 462-027 ,G  68-8,94.6489,10.56536314737942,           J23216+172 ,0.42,0.42,  74.7 ,M3.5Ve,23 21 37.4483,+17 17 25.392,-536.693,-1382.46,-6.31,     DA19 ,-1.77,      NaN ,      NaN ,    -5.07 ,249.0,84.0,   0.0 ,   0.0,,,,,350.4060349172132,17.2903866866072,3398.0
307,307,,           BD+57 2735 ,BD+57  2735,75.5654,13.233569861338657,           J23245+578 ,0.57,0.58,   NaN ,M1.5Ve,23 24 30.5145,+57 51 15.516,-61.707,-281.952,-33.185,          ,-1.25,    -5.11 ,      NaN ,    -4.50 ,433.0,56.0,   1.0 ,   0.1,,,,,351.1271437834722,57.8543102144348,3811.0
308,308,,               GJ 899 ,Wolf 1039,71.3741,14.010684548036332,           J23340+001 ,0.44,0.43,   NaN ,M2/3V,23 34 03.3343,+00 10 45.875,-992.967,-937.637,-4.555,          ,-1.57,    -4.95 ,      NaN ,    -5.29 ,189.0,189.0,   0.0 ,   0.0,,,,,353.5138930412085,0.179409989519,3530.0
309,309,,              GJ 1286 ,G 157-77,139.31,7.178235589692053,           J23351-023 ,0.13,0.15,   NaN ,M5.0Ve,23 35 10.4621,-02 23 20.614,781.668,-841.421,-10.384,          ,-2.87,      NaN ,    -4.95 ,      NaN ,907.0,159.0,   0.0 ,   0.0,,,,,353.7935923510858,-2.3890596655219,3136.0
310,310,,            G 273-093 ,BD-17  6785,76.0557,13.148258447427343,           J23381-162 ,0.4,0.39,  61.7 ,M2V,23 38 08.1567,-16 14 10.202,-280.69,-77.894,20.78,    Wat06 ,-1.7,      NaN ,      NaN ,    -5.34 ,159.0,159.0,   0.0 ,   0.0,,,,,354.5339865599042,-16.236167389057,3570.0
311,311,,               HH And ,Ross  248,316.9558,3.155014042967505,           J23419+441 ,0.16,0.19, 106.0 ,M5.0V,23 41 55.0361,+44 10 38.825,112.692,-1592.055,-77.51,     DA19 ,-2.65,    -3.65 ,    -5.03 ,    -4.94 ,413.0,98.0,   0.0 ,   0.0,,,,,355.4793171610063,44.1774514415269,3186.0
312,312,,              GJ 1289 ,G 130-4,119.7106,8.353479140527238,           J23431+365 ,0.23,0.24,  83.6 ,M4.5V,23 43 06.3112,+36 32 13.139,942.265,-151.392,-2.52,     DA19 ,-2.25,    -3.62 ,    -4.40 ,      NaN ,1361.0,189.0,   1.4 ,   0.1,,,,,355.7762970681117,36.5369831345664,3301.0
313,313,,               BR Psc ,V* BR Psc,169.3585,5.904634252192833,           J23492+024 ,0.4,0.41,  49.9 ,dM1,23 49 12.5251,+02 24 04.403,992.665,-968.648,-71.16,     SM18 ,-1.59,    -4.84 ,      NaN ,    -5.18 ,147.0,147.0,   0.0 ,   0.0,,,,,357.3021880796959,2.4012230680252,3573.0
314,314,,           LP 763-012 ,G 273-147,58.9687,16.958148984122086,           J23505-095 ,0.31,0.32,   NaN ,dM4.0,23 50 31.6427,-09 33 32.655,634.651,-425.984,-32.177,          ,-1.98,      NaN ,      NaN ,    -4.78 ,252.0,252.0,   0.0 ,   0.0,,,,,357.6318448934459,-9.5590710391962,3377.0
315,315,,      RX J2354.8+3831 ,RX J2354.8+3831,59.3466,16.850164963114988,           J23548+385 ,0.33,0.33,   4.8 ,M3.1V,23 54 51.4574,+38 31 36.200,-131.57,-86.109,5.57,    Rev20 ,-1.98,    -2.86 ,    -3.86 ,      NaN ,4904.0,134.0,   3.6 ,   0.1,,,,,358.7144058798502,38.5267223811091,3263.0
316,316,,               GJ 912 ,BD-06  6318,56.1438,17.811405711761584,           J23556-061 ,0.55,0.55,   NaN ,M2.5Vk,23 55 39.7820,-06 08 33.354,-479.079,-379.005,17.07,          ,-1.35,      NaN ,      NaN ,      NaN ,312.0,80.0,   1.5 ,   0.1,,,,,358.9157583951831,-6.1425985647904,3639.0
317,317,,            Wolf 1051 ,Wolf 1051,60.8469,16.434691003157106,           J23585+076 ,0.47,0.47,   NaN ,M3.0Ve,23 58 32.6570,+07 39 30.124,77.657,-319.823,-8.86,          ,-1.57,      NaN ,      NaN ,      NaN ,575.0,70.0,   1.5 ,   0.1,,,,,359.6360712476354,7.6583679712031,3496.0
318,318,,              HD 1835 ,*   9 Cet,46.9258,21.31023871729411,                      ,1.06,1.0,   7.8 ,G2.5V,00 22 51.7883,-12 12 33.972,394.506,61.056,-2.403,      K20 ,-0.01,    -4.43 ,      NaN ,    -4.43 ,683.0,50.0,   6.3 ,   NaN,,,,,5.7157847162196,-12.2094367708036,5837.0
319,319,,             HD 20630 ,* kap01 Cet,109.41,9.139932364500504,                      ,1.03,0.95,   9.3 ,G5V,03 19 21.6963,+03 22 12.715,269.3,93.75,19.359,      K20 ,-0.08,    -4.71 ,      NaN ,    -4.40 ,503.0,50.0,   4.7 ,   NaN,,,,,49.8404013354,3.3701986497,5742.0
320,320,,             HD 29615 ,HD  29615,18.3453,54.509874463759104,                      ,1.09,1.0,   2.3 ,G3V,04 38 43.9422,-27 02 01.805,56.145,-10.874,19.33,      K20 ,-0.0,    -3.62 ,      NaN ,      NaN ,1340.0,160.0,  20.1 ,   NaN,,,,,69.6830925426751,-27.033834758729,5866.0
321,321,,             HD 39587 ,* chi01 Ori,115.43,8.663259118080221,                      ,1.11,1.0,   4.8 ,G0V,05 54 22.9829,+20 16 34.222,-162.54,-99.51,-15.48,      K20 ,0.0,    -4.64 ,      NaN ,    -4.37 ,456.0,70.0,   9.4 ,   NaN,,,,,88.5957624554,20.2761727883,5882.0
322,322,,             HD 56124 ,HD  56124,36.6952,27.251520634851424,                      ,1.03,1.01,  18.0 ,G0,07 17 09.5324,+33 05 31.400,-58.172,-173.615,22.569,      K20 ,0.0,    -5.23 ,      NaN ,    -4.78 ,218.0,50.0,   0.6 ,   NaN,,,,,109.2897186189371,33.0920557820864,5848.0
323,323,,             HD 72905 ,* pi.01 UMa,69.2004,14.450783521482537,                      ,1.08,0.99,   4.9 ,G0.5V,08 39 11.7043,+65 01 15.268,-27.158,87.546,-12.826,      K20 ,-0.01,    -4.64 ,      NaN ,    -4.33 ,594.0,70.0,   9.6 ,   NaN,,,,,129.7987680272112,65.020907853664,5873.0
324,324,,             HD 73350 ,V* V401 Hya,41.0817,24.341738535649693,                      ,1.04,0.98,  12.3 ,G8/K0(IV),08 37 50.2937,-06 48 24.777,-297.346,43.834,35.43,      K20 ,-0.04,    -4.80 ,      NaN ,    -4.50 ,488.0,70.0,   3.2 ,   NaN,,,,,129.4595574177432,-6.8068827513758,5802.0
325,325,,             HD 76151 ,HD  76151,59.3469,16.850079785127782,                      ,1.06,1.0,  20.5 ,G2V,08 54 17.9469,-05 26 04.046,-413.548,30.112,32.036,      K20 ,-0.02,    -5.12 ,      NaN ,    -4.66 ,410.0,70.0,   0.0 ,   NaN,,,,,133.5747790870404,-5.4344573577189,5790.0
326,326,,             HD 82558 ,V* LQ Hya,54.675,18.28989483310471,                      ,0.75,0.71,   1.6 ,K1Vp,09 32 25.5684,-11 11 04.687,-248.057,33.953,7.58,      K20 ,-0.58,    -3.06 ,      NaN ,    -3.97 ,2010.0,150.0,  28.3 ,   NaN,,,,,143.1065350329684,-11.1846353918718,5000.0
327,327,,            HD 129333 ,V* EK Dra,29.0274,34.450209112769315,                      ,0.95,1.0,   2.6 ,G1.5V,14 39 00.2109,+64 17 29.977,-135.991,-36.939,-20.687,      K20 ,-0.01,    -3.60 ,      NaN ,    -4.09 ,1403.0,70.0,  17.0 ,   NaN,,,,,219.75087895229,64.2916603811106,5845.0
328,328,,           HD 131156A ,* ksi Boo A,148.5195,6.733122586596373,                      ,0.83,1.09,   6.4 ,G7Ve,14 51 23.3876,+19 06 01.641,128.211,-42.057,1.49,      K20 ,-0.02,    -4.44 ,      NaN ,    -4.32 ,781.0,130.0,   4.9 ,   NaN,,,,,222.8474486887563,19.100456090255,5570.0
329,329,,            HD 166435 ,HD 166435,40.9514,24.419189575936358,                      ,1.08,0.97,   3.4 ,G1IV,18 09 21.3817,+29 57 06.165,71.716,61.184,-14.449,      K20 ,-0.03,    -4.08 ,      NaN ,    -4.26 ,685.0,100.0,   7.6 ,   NaN,,,,,272.3390907945229,29.9517126872799,5843.0
330,330,,            HD 175726 ,HD 175726,37.5643,26.62102049019947,                      ,1.17,1.0,   3.9 ,G0V,18 56 37.1722,+04 15 54.462,-2.236,-84.711,10.322,      K20 ,0.04,    -4.58 ,      NaN ,    -4.38 ,370.0,80.0,  12.4 ,   NaN,,,,,284.1548843249227,4.265128561571,5998.0
331,331,,            HD 190771 ,HD 190771,52.5858,19.016540587002574,                      ,1.3,0.88,   8.8 ,G2V,20 05 09.7751,+38 28 42.552,259.074,109.453,-25.133,      K20 ,-0.12,    -4.45 ,      NaN ,    -4.39 ,591.0,70.0,   3.4 ,   NaN,,,,,301.2907297499223,38.4784867387824,5834.0
333,333,,               Gl 182 ,V* V1005 Ori,40.9812,24.40143285213708,                      ,0.58,0.54,   4.3 ,M0Ve,04 59 34.8341,+01 47 00.672,39.234,-95.051,19.16,    Shu17 ,-1.25,    -2.73 ,      NaN ,      NaN ,2600.0,600.0,   NaN ,   NaN,,,,,74.8951424168931,1.7835200223265,3843.0
335,335,,              Gl 569A ,BD+16  2708,100.6811,9.932350758980585,                      ,0.49,0.47,  14.7 ,M3V,14 54 29.2359,+16 06 03.798,279.34,-117.959,-7.219,    Shu17 ,-1.47,    -4.04 ,      NaN ,      NaN ,1800.0,100.0,   NaN ,   NaN,,,,,223.6218164389321,16.1010552333988,3649.0
336,336,,             GJ 1245B ,G 208-45,214.5285,4.66138531710239,                      ,0.14,0.19,   0.7 ,M6V,19 53 55.1388,+44 24 54.144,350.513,-480.121,5.46,    Shu17 ,-2.52,    -3.60 ,      NaN ,      NaN ,3400.0,300.0,   NaN ,   NaN,,,,,298.4797451383384,44.4150400759314,3000.0
337,337,,              Gl 896A ,BD+19  5116A,159.7098,6.261356535416111,                      ,0.14,0.19,   1.1 ,M3.5Ve,23 31 52.1743,+19 56 14.128,577.605,-59.64,0.31,    Shu17 ,-2.52,    -2.78 ,      NaN ,      NaN ,3600.0,400.0,   NaN ,   NaN,,,,,352.9673929217124,19.9372579008358,3375.0
338,338,,              Gl 896B ,BD+19  5116B,160.0598,6.247664935230458,                      ,0.29,0.3,   0.4 ,M4.0Ve,23 31 52.5741,+19 56 14.004,553.472,20.338,3.41,    Shu17 ,-1.96,    -2.48 ,      NaN ,      NaN ,4200.0,1000.0,   NaN ,   NaN,,,,,352.9690588545511,19.9372233540487,3122.0
339,339,,            STN 2051A ,,,,           J04311+589 ,0.3,0.31,   NaN ,,,,,,,          ,-2.04,    -4.63 ,      NaN ,      NaN ,243.0,243.0,   0.0 ,   0.0,,,,,,,3382.0
340,340,, 2MASS J04425586+2128 ,,,,           J04429+214 ,0.42,0.42,  47.8 ,,,,,,,     DA19 ,-1.75,      NaN ,      NaN ,    -4.97 ,424.0,90.0,   0.5 ,   0.4,,,,,,,3499.0
341,341,, 1RXS J050156.7+01084 ,,,,           J05019+011 ,0.38,0.61,   2.1 ,,,,,,,    Rev20 ,-1.46,    -3.05 ,    -3.57 ,    -4.18 ,3319.0,250.0,   7.0 ,   0.0,,,,,,,3217.0
342,342,, 2MASS J05082729-2101 ,,,,           J05084-210 ,0.74,0.73,   0.3 ,,,,,,,    Rev20 ,-1.42,    -3.16 ,    -3.33 ,      NaN ,6726.0,670.0,  27.6 ,   0.6,,,,,,,3233.0
343,343,, 2MASS J05363846+1117 ,,,,           J05366+112 ,0.3,0.31,   NaN ,,,,,,,          ,-2.05,      NaN ,    -3.93 ,    -4.16 ,2517.0,177.0,   3.4 ,   0.1,,,,,,,3355.0
344,344,,           HD 42581 A ,,,,           J06105-218 ,0.54,0.55,  27.3 ,,,,,,,     DA19 ,-1.28,    -5.18 ,      NaN ,    -4.64 ,375.0,69.0,   0.5 ,   0.2,,,,,,,3801.0
345,345,, 2MASS J06572616+7405 ,,,,           J06574+740 ,0.52,0.51,   NaN ,,,,,,,          ,-1.58,    -3.51 ,    -3.64 ,      NaN ,3329.0,828.0,  32.0 ,   0.0,,,,,,,3173.0
346,346,, 2MASS J07000682-1901 ,,,,           J07001-190 ,0.6,0.59,   NaN ,,,,,,,          ,-1.54,    -3.11 ,    -3.68 ,      NaN ,2474.0,261.0,   4.5 ,   0.1,,,,,,,3100.0
347,347,, 2MASS J07471385+5020 ,,,,           J07472+503 ,0.29,0.29,   1.3 ,,,,,,,    Rev20 ,-2.11,    -3.75 ,    -3.80 ,      NaN ,2940.0,293.0,  10.3 ,   0.1,,,,,,,3251.0
348,348,,            G 50-16 A ,,,,           J08023+033 ,0.36,0.36,   NaN ,,,,,,,          ,-1.83,      NaN ,      NaN ,      NaN ,255.0,154.0,   0.0 ,   0.2,,,,,,,3422.0
349,349,, 2MASS J08292191+0355 ,,,,           J08293+039 ,0.5,0.5,   NaN ,,,,,,,          ,-1.45,      NaN ,      NaN ,    -4.51 ,405.0,79.0,   0.8 ,   0.3,,,,,,,3651.0
350,350,, 1RXS J114728.8+66440 ,,,,           J11474+667 ,0.32,0.33,  13.4 ,,,,,,,     CC21 ,-2.1,    -3.66 ,    -3.70 ,      NaN ,4773.0,144.0,   3.1 ,   0.2,,,,,,,3219.0
351,351,,         LP 613-049 A ,,,,           J11476+002 ,0.34,0.35,  11.6 ,,,,,,,     DA19 ,-1.92,    -3.13 ,    -3.68 ,    -4.08 ,3719.0,178.0,   2.3 ,   0.1,,,,,,,3282.0
352,352,, 2MASS J13253177+6850 ,,,,           J13255+688 ,0.64,0.63,   NaN ,,,,,,,          ,-1.08,      NaN ,      NaN ,      NaN ,363.0,121.0,   1.3 ,   0.1,,,,,,,4049.0
353,353,, 1RXS J173353.5+16551 ,,,,           J17338+169 ,0.37,0.37,   0.3 ,,,,,,,    Rev20 ,-2.05,    -3.23 ,    -3.49 ,      NaN ,8133.0,937.0,  38.0 ,   0.3,,,,,,,3048.0
354,354,,          BD+61 1678C ,,,,           J17355+616 ,0.57,0.57,  19.3 ,,,,,,,     DA19 ,-1.24,    -4.87 ,      NaN ,      NaN ,743.0,125.0,   0.9 ,   0.2,,,,,,,3847.0
355,355,,    V1298 Aql (vB 10) ,,,,          J19169+051S ,0.1,0.12,  23.6 ,,,,,,,     DA19 ,-3.36,      NaN ,    -4.32 ,      NaN ,1207.0,176.0,   3.7 ,   0.2,,,,,,,2500.0
356,356,, 2MASS J19421282-2045 ,,,,           J19422-207 ,0.23,0.24,   NaN ,,,,,,,          ,-2.32,    -2.90 ,    -3.77 ,      NaN ,3838.0,354.0,   6.7 ,   0.1,,,,,,,3241.0
357,357,, 2MASS J20091824-0113 ,,,,           J20093-012 ,0.18,0.19,   NaN ,,,,,,,          ,-2.57,    -3.35 ,    -3.82 ,      NaN ,3674.0,188.0,   5.5 ,   0.1,,,,,,,3301.0
358,358,, 1RXS J221124.3+41000 ,,,,           J22114+409 ,0.18,0.21,  30.0 ,,,,,,,     DA19 ,-2.61,    -2.90 ,    -3.89 ,      NaN ,1880.0,214.0,   2.0 ,   0.1,,,,,,,3132.0
359,359,,                  Sun ,,,,                      ,1.0,1.0,  26.1 ,,,,,,,          ,0.0,    -6.24 ,      NaN ,      NaN ,130.0,30.0,   NaN ,   NaN,,,,,,,5780.0
